id,name,country
arsenal,Arsenal,England
aston-villa,Aston Villa,England
bournemouth,AFC Bournemouth,England
brentford,Brentford,England
brighton,Brighton & Hove Albion,England
burnley,Burnley,England
chelsea,Chelsea,England
crystal-palace,Crystal Palace,England
everton,Everton,England
fulham,Fulham,England
leeds,Leeds United,England
leicester,Leicester City,England
liverpool,Liverpool,England
luton,Luton Town,England
manchester-city,Manchester City,England
manchester-united,Manchester United,England
newcastle,Newcastle United,England
nottingham-forest,Nottingham Forest,England
sheffield-united,Sheffield United,England
southampton,Southampton,England
tottenham,Tottenham Hotspur,England
west-ham,West Ham United,England
wolves,Wolverhampton Wanderers,England
blackburn,Blackburn Rovers,England
bolton,Bolton Wanderers,England
coventry,Coventry City,England
derby,Derby County,England
ipswich,Ipswich Town,England
middlesbrough,Middlesbrough,England
norwich,Norwich City,England
portsmouth,Portsmouth,England
qpr,Queens Park Rangers,England
reading,Reading,England
stoke,Stoke City,England
sunderland,Sunderland,England
watford,Watford,England
west-brom,West Bromwich Albion,England
wigan,Wigan Athletic,England
birmingham,Birmingham City,England
charlton,Charlton Athletic,England
hull,Hull City,England
preston,Preston North End,England
sheffield-wednesday,Sheffield Wednesday,England
millwall,Millwall,England
blackpool,Blackpool,England
huddersfield,Huddersfield Town,England
barnsley,Barnsley,England
plymouth,Plymouth Argyle,England
peterborough,Peterborough United,England
rotherham,Rotherham United,England
salford,Salford City,England
notts-county,Notts County,England
wimbledon,AFC Wimbledon,England
cardiff,Cardiff City,Wales
swansea,Swansea City,Wales
wrexham,Wrexham,Wales
real-madrid,Real Madrid,Spain
barcelona,FC Barcelona,Spain
atletico-madrid,Atlético Madrid,Spain
athletic-bilbao,Athletic Bilbao,Spain
betis,Real Betis,Spain
celta-vigo,Celta Vigo,Spain
deportivo,Deportivo La Coruña,Spain
espanyol,Espanyol,Spain
getafe,Getafe,Spain
girona,Girona,Spain
granada,Granada,Spain
levante,Levante,Spain
mallorca,RCD Mallorca,Spain
osasuna,Osasuna,Spain
rayo-vallecano,Rayo Vallecano,Spain
real-sociedad,Real Sociedad,Spain
sevilla,Sevilla,Spain
sporting-gijon,Sporting Gijón,Spain
valencia,Valencia,Spain
valladolid,Real Valladolid,Spain
villarreal,Villarreal,Spain
alaves,Deportivo Alavés,Spain
leganes,Leganés,Spain
huesca,SD Huesca,Spain
cadiz,Cádiz,Spain
elche,Elche,Spain
las-palmas,Las Palmas,Spain
racing-santander,Racing Santander,Spain
zaragoza,Real Zaragoza,Spain
juventus,Juventus,Italy
inter-milan,Inter Milan,Italy
ac-milan,AC Milan,Italy
roma,Roma,Italy
lazio,Lazio,Italy
napoli,Napoli,Italy
atalanta,Atalanta,Italy
fiorentina,Fiorentina,Italy
bologna,Bologna,Italy
torino,Torino,Italy
genoa,Genoa,Italy
udinese,Udinese,Italy
sampdoria,Sampdoria,Italy
parma,Parma,Italy
cagliari,Cagliari,Italy
hellas-verona,Hellas Verona,Italy
sassuolo,Sassuolo,Italy
empoli,Empoli,Italy
lecce,Lecce,Italy
salernitana,Salernitana,Italy
monza,Monza,Italy
cremonese,Cremonese,Italy
spezia,Spezia,Italy
palermo,Palermo,Italy
pescara,Pescara,Italy
chievo,Chievo,Italy
brescia,Brescia,Italy
perugia,Perugia,Italy
venezia,Venezia,Italy
frosinone,Frosinone,Italy
como,Como,Italy
pisa,Pisa,Italy
bari,Bari,Italy
bayern-munich,Bayern Munich,Germany
borussia-dortmund,Borussia Dortmund,Germany
rb-leipzig,RB Leipzig,Germany
bayer-leverkusen,Bayer Leverkusen,Germany
eintracht-frankfurt,Eintracht Frankfurt,Germany
borussia-mg,Borussia Mönchengladbach,Germany
wolfsburg,VfL Wolfsburg,Germany
hoffenheim,TSG Hoffenheim,Germany
freiburg,SC Freiburg,Germany
stuttgart,VfB Stuttgart,Germany
union-berlin,1. FC Union Berlin,Germany
koln,1. FC Köln,Germany
werder-bremen,Werder Bremen,Germany
augsburg,FC Augsburg,Germany
mainz,Mainz 05,Germany
schalke,Schalke 04,Germany
hertha-berlin,Hertha BSC,Germany
hamburg,Hamburger SV,Germany
fortuna-dusseldorf,Fortuna Düsseldorf,Germany
nurnberg,1. FC Nürnberg,Germany
hannover,Hannover 96,Germany
st-pauli,FC St. Pauli,Germany
bochum,VfL Bochum,Germany
darmstadt,Darmstadt 98,Germany
karlsruhe,Karlsruher SC,Germany
kaiserslautern,1. FC Kaiserslautern,Germany
greuther-furth,SpVgg Greuther Fürth,Germany
dynamo-dresden,Dynamo Dresden,Germany
1860-munich,TSV 1860 Munich,Germany
psg,Paris Saint-Germain,France
marseille,Olympique de Marseille,France
lyon,Olympique Lyonnais,France
monaco,AS Monaco,France
lille,Lille,France
nice,OGC Nice,France
rennes,Stade Rennais,France
lens,RC Lens,France
nantes,FC Nantes,France
saint-etienne,Saint-Étienne,France
bordeaux,Bordeaux,France
toulouse,Toulouse,France
montpellier,Montpellier,France
strasbourg,RC Strasbourg,France
reims,Stade de Reims,France
brest,Stade Brestois,France
metz,FC Metz,France
lorient,Lorient,France
angers,Angers,France
auxerre,Auxerre,France
le-havre,Le Havre,France
paris-fc,Paris FC,France
ajax,Ajax,Netherlands
psv,PSV Eindhoven,Netherlands
feyenoord,Feyenoord,Netherlands
az,AZ Alkmaar,Netherlands
utrecht,FC Utrecht,Netherlands
vitesse,Vitesse,Netherlands
twente,FC Twente,Netherlands
groningen,FC Groningen,Netherlands
heerenveen,SC Heerenveen,Netherlands
ado-den-haag,ADO Den Haag,Netherlands
sparta-rotterdam,Sparta Rotterdam,Netherlands
willem-ii,Willem II,Netherlands
nec,NEC Nijmegen,Netherlands
pec-zwolle,PEC Zwolle,Netherlands
fortuna-sittard,Fortuna Sittard,Netherlands
heracles,Heracles Almelo,Netherlands
rkc,RKC Waalwijk,Netherlands
go-ahead-eagles,Go Ahead Eagles,Netherlands
excelsior,Excelsior Rotterdam,Netherlands
cambuur,SC Cambuur,Netherlands
benfica,Benfica,Portugal
porto,FC Porto,Portugal
sporting,Sporting CP,Portugal
braga,SC Braga,Portugal
vitoria-guimaraes,Vitória Guimarães,Portugal
boavista,Boavista,Portugal
maritimo,Marítimo,Portugal
belenenses,Belenenses,Portugal
rio-ave,Rio Ave,Portugal
pacos-ferreira,Paços de Ferreira,Portugal
portimonense,Portimonense,Portugal
estoril,Estoril,Portugal
moreirense,Moreirense,Portugal
gil-vicente,Gil Vicente,Portugal
famalicao,Famalicão,Portugal
arouca,Arouca,Portugal
casa-pia,Casa Pia,Portugal
estrela,Estrela da Amadora,Portugal
nacional,Nacional,Portugal
celtic,Celtic,Scotland
rangers,Rangers,Scotland
aberdeen,Aberdeen,Scotland
hibs,Hibernian,Scotland
hearts,Heart of Midlothian,Scotland
dundee-united,Dundee United,Scotland
kilmarnock,Kilmarnock,Scotland
st-johnstone,St Johnstone,Scotland
motherwell,Motherwell,Scotland
dundee,Dundee,Scotland
galatasaray,Galatasaray,Turkey
fenerbahce,Fenerbahçe,Turkey
besiktas,Beşiktaş,Turkey
trabzonspor,Trabzonspor,Turkey
basaksehir,İstanbul Başakşehir,Turkey
antalyaspor,Antalyaspor,Turkey
goztepe,Göztepe,Turkey
bursaspor,Bursaspor,Turkey
ankaragucu,Ankaragücü,Turkey
anderlecht,Anderlecht,Belgium
club-brugge,Club Brugge,Belgium
genk,KRC Genk,Belgium
standard-liege,Standard Liège,Belgium
gent,KAA Gent,Belgium
antwerp,Royal Antwerp,Belgium
charleroi,Charleroi,Belgium
union-saint-gilloise,Union Saint-Gilloise,Belgium
mechelen,KV Mechelen,Belgium
basel,FC Basel,Switzerland
young-boys,BSC Young Boys,Switzerland
grasshopper,Grasshopper Club Zürich,Switzerland
zurich,FC Zürich,Switzerland
sion,FC Sion,Switzerland
luzern,FC Luzern,Switzerland
servette,Servette,Switzerland
thun,FC Thun,Switzerland
salzburg,Red Bull Salzburg,Austria
rapid-wien,Rapid Wien,Austria
sturm-graz,Sturm Graz,Austria
austria-wien,Austria Wien,Austria
lask,LASK,Austria
wolfsberger,Wolfsberger AC,Austria
olympiacos,Olympiacos,Greece
panathinaikos,Panathinaikos,Greece
aek-athens,AEK Athens,Greece
paok,PAOK,Greece
aris,Aris Thessaloniki,Greece
panionios,Panionios,Greece
dynamo-kyiv,Dynamo Kyiv,Ukraine
shakhtar,Shakhtar Donetsk,Ukraine
zenit,Zenit,Russia
cska-moscow,CSKA Moscow,Russia
spartak-moscow,Spartak Moscow,Russia
lokomotiv,Lokomotiv Moscow,Russia
krasnodar,Krasnodar,Russia
rubin,Rubin Kazan,Russia
dinamo-zagreb,Dinamo Zagreb,Croatia
hajduk-split,Hajduk Split,Croatia
rijeka,Rijeka,Croatia
osijek,Osijek,Croatia
red-star,Red Star Belgrade,Serbia
partizan,Partizan Belgrade,Serbia
vojvodina,Vojvodina,Serbia
cukaricki,Čukarički,Serbia
slavia-prague,Slavia Prague,Czechia
sparta-prague,Sparta Prague,Czechia
viktoria-plzen,Viktoria Plzeň,Czechia
banik-ostrava,Baník Ostrava,Czechia
legia,Legia Warsaw,Poland
lech,Lech Poznań,Poland
wisla-krakow,Wisła Kraków,Poland
rakow,Raków Częstochowa,Poland
gornik,Górnik Zabrze,Poland
ludogorets,Ludogorets Razgrad,Bulgaria
cska-sofia,CSKA Sofia,Bulgaria
levski,Levski Sofia,Bulgaria
rosenborg,Rosenborg,Norway
molde,Molde,Norway
bodo-glimt,Bodø/Glimt,Norway
brann,Brann,Norway
vaalerenga,Vålerenga,Norway
malmo,Malmö FF,Sweden
aik,AIK,Sweden
ifk-goteborg,IFK Göteborg,Sweden
hammarby,Hammarby,Sweden
djurgarden,Djurgården,Sweden
fc-kobenhavn,FC København,Denmark
brondby,Brøndby,Denmark
fc-midtjylland,FC Midtjylland,Denmark
aab,AaB,Denmark
randers,Randers,Denmark
hjk,HJK Helsinki,Finland
valur,Valur,Iceland
kr-reykjavik,KR Reykjavík,Iceland
breidablik,Breiðablik,Iceland
shamrock-rovers,Shamrock Rovers,Ireland
dundalk,Dundalk,Ireland
cork-city,Cork City,Ireland
fcsb,FCSB,Romania
cfr-cluj,CFR Cluj,Romania
rapid-bucharest,Rapid București,Romania
dinamo-bucharest,Dinamo București,Romania
ferencvaros,Ferencváros,Hungary
debrecen,Debrecen,Hungary
mtk,MTK Budapest,Hungary
slovan-bratislava,Slovan Bratislava,Slovakia
olimpija,Olimpija Ljubljana,Slovenia
maribor,Maribor,Slovenia
apoel,APOEL,Cyprus
aek-larnaca,AEK Larnaca,Cyprus
maccabi-tel-aviv,Maccabi Tel Aviv,Israel
maccabi-haifa,Maccabi Haifa,Israel
flamengo,Flamengo,Brazil
fluminense,Fluminense,Brazil
palmeiras,Palmeiras,Brazil
corinthians,Corinthians,Brazil
santos,Santos,Brazil
sao-paulo,São Paulo,Brazil
gremio,Grêmio,Brazil
internacional,Internacional,Brazil
cruzeiro,Cruzeiro,Brazil
atletico-mineiro,Atlético Mineiro,Brazil
vasco,Vasco da Gama,Brazil
botafogo,Botafogo,Brazil
athletico-paranaense,Athletico Paranaense,Brazil
fortaleza,Fortaleza,Brazil
bahia,Bahia,Brazil
sport-recife,Sport Recife,Brazil
boca-juniors,Boca Juniors,Argentina
river-plate,River Plate,Argentina
independiente,Independiente,Argentina
racing,Racing Club,Argentina
san-lorenzo,San Lorenzo,Argentina
estudiantes,Estudiantes,Argentina
velez,Vélez Sarsfield,Argentina
newells,Newell's Old Boys,Argentina
rosario-central,Rosario Central,Argentina
penarol,Peñarol,Uruguay
nacional-montevideo,Nacional,Uruguay
colo-colo,Colo-Colo,Chile
universidad-de-chile,Universidad de Chile,Chile
universidad-catolica,Universidad Católica,Chile
atletico-nacional,Atlético Nacional,Colombia
millonarios,Millonarios,Colombia
america-cali,América de Cali,Colombia
junior,Junior,Colombia
ldu-quito,LDU Quito,Ecuador
emelec,Emelec,Ecuador
barcelona-sc,Barcelona SC,Ecuador
cerro-porteno,Cerro Porteño,Paraguay
olimpia-paraguay,Olimpia,Paraguay
libertad,Libertad,Paraguay
bolivar,Bolívar,Bolivia
the-strongest,The Strongest,Bolivia
alianza-lima,Alianza Lima,Peru
universitario,Universitario,Peru
sporting-cristal,Sporting Cristal,Peru
caracas,Caracas FC,Venezuela
deportivo-tachira,Deportivo Táchira,Venezuela
club-america,Club América,Mexico
chivas,Chivas Guadalajara,Mexico
cruz-azul,Cruz Azul,Mexico
monterrey,Monterrey,Mexico
tigres,Tigres UANL,Mexico
pumas,Pumas UNAM,Mexico
leon,Club León,Mexico
toluca,Toluca,Mexico
pachuca,Pachuca,Mexico
santos-laguna,Santos Laguna,Mexico
atlas,Atlas,Mexico
necaxa,Necaxa,Mexico
la-galaxy,LA Galaxy,USA
lafc,Los Angeles FC,USA
inter-miami,Inter Miami,USA
nycfc,New York City FC,USA
ny-red-bulls,New York Red Bulls,USA
seattle,Seattle Sounders FC,USA
atlanta-united,Atlanta United,USA
portland,Portland Timbers,USA
austin,Austin FC,USA
philadelphia,Philadelphia Union,USA
cincinnati,FC Cincinnati,USA
columbus,Columbus Crew,USA
dc-united,D.C. United,USA
sporting-kc,Sporting Kansas City,USA
chicago-fire,Chicago Fire,USA
toronto,Toronto FC,Canada
cf-montreal,CF Montréal,Canada
vancouver,Vancouver Whitecaps,Canada
forge,Forge FC,Canada
pacific,Pacific FC,Canada
cavalry,Cavalry FC,Canada
alajuelense,Alajuelense,Costa Rica
saprissa,Deportivo Saprissa,Costa Rica
herediano,Herediano,Costa Rica
urawa,Urawa Red Diamonds,Japan
kashima,Kashima Antlers,Japan
kawasaki,Kawasaki Frontale,Japan
yokohama-marinos,Yokohama F. Marinos,Japan
gamba-osaka,Gamba Osaka,Japan
vissel-kobe,Vissel Kobe,Japan
shimizu,Shimizu S-Pulse,Japan
nagoya,Nagoya Grampus,Japan
jeonbuk,Jeonbuk Hyundai Motors,South Korea
ulsan,Ulsan HD,South Korea
fc-seoul,FC Seoul,South Korea
suwon,Suwon Samsung Bluewings,South Korea
pohang,Pohang Steelers,South Korea
shanghai-port,Shanghai Port,China
guangzhou,Guangzhou FC,China
shandong,Shandong Taishan,China
beijing-guoan,Beijing Guoan,China
shanghai-shenhua,Shanghai Shenhua,China
tianjin,Tianjin Jinmen Tiger,China
mohun-bagan,Mohun Bagan,India
east-bengal,East Bengal,India
bengaluru,Bengaluru FC,India
persepolis,Persepolis,Iran
esteghlal,Esteghlal,Iran
sepahan,Sepahan,Iran
al-hilal,Al-Hilal,Saudi Arabia
al-nassr,Al-Nassr,Saudi Arabia
al-ittihad,Al-Ittihad,Saudi Arabia
al-ahli,Al-Ahli,Saudi Arabia
al-ain,Al Ain,UAE
shabab-al-ahli,Shabab Al Ahli,UAE
al-wasl,Al Wasl,UAE
al-sadd,Al Sadd,Qatar
al-duhail,Al Duhail,Qatar
al-ahly,Al Ahly,Egypt
zamalek,Zamalek,Egypt
wydad,Wydad Casablanca,Morocco
raja,Raja Casablanca,Morocco
esperance,Espérance de Tunis,Tunisia
club-africain,Club Africain,Tunisia
kaizer-chiefs,Kaizer Chiefs,South Africa
orlando-pirates,Orlando Pirates,South Africa
mamelodi-sundowns,Mamelodi Sundowns,South Africa
enyimba,Enyimba,Nigeria
kano-pillars,Kano Pillars,Nigeria
hearts-of-oak,Hearts of Oak,Ghana
asante-kotoko,Asante Kotoko,Ghana
tp-mazembe,TP Mazembe,DR Congo
vita-club,AS Vita Club,DR Congo
gor-mahia,Gor Mahia,Kenya
tusker,Tusker FC,Kenya
simba,Simba SC,Tanzania
young-africans,Young Africans,Tanzania
sydney-fc,Sydney FC,Australia
melbourne-victory,Melbourne Victory,Australia
melbourne-city,Melbourne City,Australia
western-sydney,Western Sydney Wanderers,Australia
brisbane-roar,Brisbane Roar,Australia
perth-glory,Perth Glory,Australia
adelaide,Adelaide United,Australia
central-coast,Central Coast Mariners,Australia
newcastle-jets,Newcastle Jets,Australia
macarthur,Macarthur FC,Australia
auckland-city,Auckland City,New Zealand
wellington-phoenix,Wellington Phoenix,New Zealand
canterbury,Canterbury United,New Zealand
