section,sectionId,appId,label,primaryCategory,secondaryCategory,icon,version,lastUpdated,fileSize,href,releasesAction,releasesUrl,aabUrl,apkUrl,dmgUrl,appImageUrl,debUrl,msiUrl,exeUrl,rpmUrl
Apps (Hybrid),apps-hybrid,8-bit,8-Bit,Games,Entertainment,PiJoystick,0.0.1,2026-08-26,,https://hieudoanm.github.io/free/8-bit,View Releases,https://github.com/hieudoanm/hieudoanm.github.io/releases/tag/app-hybrid-games-8-bit-latest,https://github.com/hieudoanm/hieudoanm.github.io/releases/download/app-hybrid-games-8-bit-latest/app-universal-release.aab,https://github.com/hieudoanm/hieudoanm.github.io/releases/download/app-hybrid-games-8-bit-latest/app-universal-release.apk,https://github.com/hieudoanm/hieudoanm.github.io/releases/download/app-hybrid-games-8-bit-latest/8-bit_aarch64.dmg,https://github.com/hieudoanm/hieudoanm.github.io/releases/download/app-hybrid-games-8-bit-latest/8-bit_amd64.AppImage,https://github.com/hieudoanm/hieudoanm.github.io/releases/download/app-hybrid-games-8-bit-latest/8-bit_amd64.deb,https://github.com/hieudoanm/hieudoanm.github.io/releases/download/app-hybrid-games-8-bit-latest/8-bit_x64.msi,https://github.com/hieudoanm/hieudoanm.github.io/releases/download/app-hybrid-games-8-bit-latest/8-bit_x64.exe,https://github.com/hieudoanm/hieudoanm.github.io/releases/download/app-hybrid-games-8-bit-latest/8-bit_x86_64.rpm
Apps (Hybrid),apps-hybrid,api,API,Developer Tools,Productivity,PiGlobe,0.0.1,2025-01-01,,https://hieudoanm.github.io/free/api,View Releases,https://github.com/hieudoanm/hieudoanm.github.io/releases/tag/app-hybrid-developer-tools-api-latest,https://github.com/hieudoanm/hieudoanm.github.io/releases/download/app-hybrid-developer-tools-api-latest/app-universal-release.aab,https://github.com/hieudoanm/hieudoanm.github.io/releases/download/app-hybrid-developer-tools-api-latest/app-universal-release.apk,https://github.com/hieudoanm/hieudoanm.github.io/releases/download/app-hybrid-developer-tools-api-latest/api_aarch64.dmg,https://github.com/hieudoanm/hieudoanm.github.io/releases/download/app-hybrid-developer-tools-api-latest/api_amd64.AppImage,https://github.com/hieudoanm/hieudoanm.github.io/releases/download/app-hybrid-developer-tools-api-latest/api_amd64.deb,https://github.com/hieudoanm/hieudoanm.github.io/releases/download/app-hybrid-developer-tools-api-latest/api_x64.msi,https://github.com/hieudoanm/hieudoanm.github.io/releases/download/app-hybrid-developer-tools-api-latest/api_x64.exe,https://github.com/hieudoanm/hieudoanm.github.io/releases/download/app-hybrid-developer-tools-api-latest/api_x86_64.rpm
Apps (Hybrid),apps-hybrid,boilerplate,Boilerplate,Developer Tools,Productivity,PiFrameCorners,0.0.1,2025-01-01,,https://hieudoanm.github.io/free/boilerplate,View Releases,https://github.com/hieudoanm/hieudoanm.github.io/releases/tag/app-hybrid-developer-tools-boilerplate-latest,https://github.com/hieudoanm/hieudoanm.github.io/releases/download/app-hybrid-developer-tools-boilerplate-latest/app-universal-release.aab,https://github.com/hieudoanm/hieudoanm.github.io/releases/download/app-hybrid-developer-tools-boilerplate-latest/app-universal-release.apk,https://github.com/hieudoanm/hieudoanm.github.io/releases/download/app-hybrid-developer-tools-boilerplate-latest/boilerplate_aarch64.dmg,https://github.com/hieudoanm/hieudoanm.github.io/releases/download/app-hybrid-developer-tools-boilerplate-latest/boilerplate_amd64.AppImage,https://github.com/hieudoanm/hieudoanm.github.io/releases/download/app-hybrid-developer-tools-boilerplate-latest/boilerplate_amd64.deb,https://github.com/hieudoanm/hieudoanm.github.io/releases/download/app-hybrid-developer-tools-boilerplate-latest/boilerplate_x64.msi,https://github.com/hieudoanm/hieudoanm.github.io/releases/download/app-hybrid-developer-tools-boilerplate-latest/boilerplate_x64.exe,https://github.com/hieudoanm/hieudoanm.github.io/releases/download/app-hybrid-developer-tools-boilerplate-latest/boilerplate_x86_64.rpm
Apps (Hybrid),apps-hybrid,brainbow,Brainbow,Medical,Health & Fitness,PiMicroscope,0.0.1,2025-01-01,,https://hieudoanm.github.io/free/brainbow,View Releases,https://github.com/hieudoanm/hieudoanm.github.io/releases/tag/app-hybrid-medical-brainbow-latest,https://github.com/hieudoanm/hieudoanm.github.io/releases/download/app-hybrid-medical-brainbow-latest/app-universal-release.aab,https://github.com/hieudoanm/hieudoanm.github.io/releases/download/app-hybrid-medical-brainbow-latest/app-universal-release.apk,https://github.com/hieudoanm/hieudoanm.github.io/releases/download/app-hybrid-medical-brainbow-latest/brainbow_aarch64.dmg,https://github.com/hieudoanm/hieudoanm.github.io/releases/download/app-hybrid-medical-brainbow-latest/brainbow_amd64.AppImage,https://github.com/hieudoanm/hieudoanm.github.io/releases/download/app-hybrid-medical-brainbow-latest/brainbow_amd64.deb,https://github.com/hieudoanm/hieudoanm.github.io/releases/download/app-hybrid-medical-brainbow-latest/brainbow_x64.msi,https://github.com/hieudoanm/hieudoanm.github.io/releases/download/app-hybrid-medical-brainbow-latest/brainbow_x64.exe,https://github.com/hieudoanm/hieudoanm.github.io/releases/download/app-hybrid-medical-brainbow-latest/brainbow_x86_64.rpm
Apps (Hybrid),apps-hybrid,calendar,Calendar,Productivity,Business,PiCalendarBlank,0.0.1,2026-08-26,,https://hieudoanm.github.io/free/calendar,View Releases,https://github.com/hieudoanm/hieudoanm.github.io/releases/tag/app-hybrid-productivity-calendar-latest,https://github.com/hieudoanm/hieudoanm.github.io/releases/download/app-hybrid-productivity-calendar-latest/app-universal-release.aab,https://github.com/hieudoanm/hieudoanm.github.io/releases/download/app-hybrid-productivity-calendar-latest/app-universal-release.apk,https://github.com/hieudoanm/hieudoanm.github.io/releases/download/app-hybrid-productivity-calendar-latest/calendar_aarch64.dmg,https://github.com/hieudoanm/hieudoanm.github.io/releases/download/app-hybrid-productivity-calendar-latest/calendar_amd64.AppImage,https://github.com/hieudoanm/hieudoanm.github.io/releases/download/app-hybrid-productivity-calendar-latest/calendar_amd64.deb,https://github.com/hieudoanm/hieudoanm.github.io/releases/download/app-hybrid-productivity-calendar-latest/calendar_x64.msi,https://github.com/hieudoanm/hieudoanm.github.io/releases/download/app-hybrid-productivity-calendar-latest/calendar_x64.exe,https://github.com/hieudoanm/hieudoanm.github.io/releases/download/app-hybrid-productivity-calendar-latest/calendar_x86_64.rpm
Apps (Hybrid),apps-hybrid,casino,Casino,Games,Entertainment,PiDiceOne,0.0.1,2025-01-01,,https://hieudoanm.github.io/free/casino,View Releases,https://github.com/hieudoanm/hieudoanm.github.io/releases/tag/app-hybrid-games-casino-latest,https://github.com/hieudoanm/hieudoanm.github.io/releases/download/app-hybrid-games-casino-latest/app-universal-release.aab,https://github.com/hieudoanm/hieudoanm.github.io/releases/download/app-hybrid-games-casino-latest/app-universal-release.apk,https://github.com/hieudoanm/hieudoanm.github.io/releases/download/app-hybrid-games-casino-latest/casino_aarch64.dmg,https://github.com/hieudoanm/hieudoanm.github.io/releases/download/app-hybrid-games-casino-latest/casino_amd64.AppImage,https://github.com/hieudoanm/hieudoanm.github.io/releases/download/app-hybrid-games-casino-latest/casino_amd64.deb,https://github.com/hieudoanm/hieudoanm.github.io/releases/download/app-hybrid-games-casino-latest/casino_x64.msi,https://github.com/hieudoanm/hieudoanm.github.io/releases/download/app-hybrid-games-casino-latest/casino_x64.exe,https://github.com/hieudoanm/hieudoanm.github.io/releases/download/app-hybrid-games-casino-latest/casino_x86_64.rpm
Apps (Hybrid),apps-hybrid,chat,Chat,Social Networking,Business,PiChat,0.0.1,2025-01-01,,https://hieudoanm.github.io/free/chat,View Releases,https://github.com/hieudoanm/hieudoanm.github.io/releases/tag/app-hybrid-social-networking-chat-latest,https://github.com/hieudoanm/hieudoanm.github.io/releases/download/app-hybrid-social-networking-chat-latest/app-universal-release.aab,https://github.com/hieudoanm/hieudoanm.github.io/releases/download/app-hybrid-social-networking-chat-latest/app-universal-release.apk,https://github.com/hieudoanm/hieudoanm.github.io/releases/download/app-hybrid-social-networking-chat-latest/chat_aarch64.dmg,https://github.com/hieudoanm/hieudoanm.github.io/releases/download/app-hybrid-social-networking-chat-latest/chat_amd64.AppImage,https://github.com/hieudoanm/hieudoanm.github.io/releases/download/app-hybrid-social-networking-chat-latest/chat_amd64.deb,https://github.com/hieudoanm/hieudoanm.github.io/releases/download/app-hybrid-social-networking-chat-latest/chat_x64.msi,https://github.com/hieudoanm/hieudoanm.github.io/releases/download/app-hybrid-social-networking-chat-latest/chat_x64.exe,https://github.com/hieudoanm/hieudoanm.github.io/releases/download/app-hybrid-social-networking-chat-latest/chat_x86_64.rpm
Apps (Hybrid),apps-hybrid,chemistry,Chemistry,Education,Games,PiAtom,0.0.1,2025-01-01,,https://hieudoanm.github.io/free/chemistry,View Releases,https://github.com/hieudoanm/hieudoanm.github.io/releases/tag/app-hybrid-education-chemistry-latest,https://github.com/hieudoanm/hieudoanm.github.io/releases/download/app-hybrid-education-chemistry-latest/app-universal-release.aab,https://github.com/hieudoanm/hieudoanm.github.io/releases/download/app-hybrid-education-chemistry-latest/app-universal-release.apk,https://github.com/hieudoanm/hieudoanm.github.io/releases/download/app-hybrid-education-chemistry-latest/chemistry_aarch64.dmg,https://github.com/hieudoanm/hieudoanm.github.io/releases/download/app-hybrid-education-chemistry-latest/chemistry_amd64.AppImage,https://github.com/hieudoanm/hieudoanm.github.io/releases/download/app-hybrid-education-chemistry-latest/chemistry_amd64.deb,https://github.com/hieudoanm/hieudoanm.github.io/releases/download/app-hybrid-education-chemistry-latest/chemistry_x64.msi,https://github.com/hieudoanm/hieudoanm.github.io/releases/download/app-hybrid-education-chemistry-latest/chemistry_x64.exe,https://github.com/hieudoanm/hieudoanm.github.io/releases/download/app-hybrid-education-chemistry-latest/chemistry_x86_64.rpm
Apps (Hybrid),apps-hybrid,chess,Chess,Sports,Games,PiGameController,0.0.1,2025-01-01,,https://hieudoanm.github.io/free/chess,View Releases,https://github.com/hieudoanm/hieudoanm.github.io/releases/tag/app-hybrid-sports-chess-latest,https://github.com/hieudoanm/hieudoanm.github.io/releases/download/app-hybrid-sports-chess-latest/app-universal-release.aab,https://github.com/hieudoanm/hieudoanm.github.io/releases/download/app-hybrid-sports-chess-latest/app-universal-release.apk,https://github.com/hieudoanm/hieudoanm.github.io/releases/download/app-hybrid-sports-chess-latest/chess_aarch64.dmg,https://github.com/hieudoanm/hieudoanm.github.io/releases/download/app-hybrid-sports-chess-latest/chess_amd64.AppImage,https://github.com/hieudoanm/hieudoanm.github.io/releases/download/app-hybrid-sports-chess-latest/chess_amd64.deb,https://github.com/hieudoanm/hieudoanm.github.io/releases/download/app-hybrid-sports-chess-latest/chess_x64.msi,https://github.com/hieudoanm/hieudoanm.github.io/releases/download/app-hybrid-sports-chess-latest/chess_x64.exe,https://github.com/hieudoanm/hieudoanm.github.io/releases/download/app-hybrid-sports-chess-latest/chess_x86_64.rpm
Apps (Hybrid),apps-hybrid,clock,Clock,Utilities,Productivity,PiClock,0.0.1,2026-08-27,,https://hieudoanm.github.io/free/clock,View Releases,https://github.com/hieudoanm/hieudoanm.github.io/releases/tag/app-hybrid-utilities-clock-latest,https://github.com/hieudoanm/hieudoanm.github.io/releases/download/app-hybrid-utilities-clock-latest/app-universal-release.aab,https://github.com/hieudoanm/hieudoanm.github.io/releases/download/app-hybrid-utilities-clock-latest/app-universal-release.apk,https://github.com/hieudoanm/hieudoanm.github.io/releases/download/app-hybrid-utilities-clock-latest/clock_aarch64.dmg,https://github.com/hieudoanm/hieudoanm.github.io/releases/download/app-hybrid-utilities-clock-latest/clock_amd64.AppImage,https://github.com/hieudoanm/hieudoanm.github.io/releases/download/app-hybrid-utilities-clock-latest/clock_amd64.deb,https://github.com/hieudoanm/hieudoanm.github.io/releases/download/app-hybrid-utilities-clock-latest/clock_x64.msi,https://github.com/hieudoanm/hieudoanm.github.io/releases/download/app-hybrid-utilities-clock-latest/clock_x64.exe,https://github.com/hieudoanm/hieudoanm.github.io/releases/download/app-hybrid-utilities-clock-latest/clock_x86_64.rpm
Apps (Hybrid),apps-hybrid,code,Code,Developer Tools,Productivity,PiCodeSimple,0.0.1,2025-01-01,,https://hieudoanm.github.io/free/code,View Releases,https://github.com/hieudoanm/hieudoanm.github.io/releases/tag/app-hybrid-developer-tools-code-latest,https://github.com/hieudoanm/hieudoanm.github.io/releases/download/app-hybrid-developer-tools-code-latest/app-universal-release.aab,https://github.com/hieudoanm/hieudoanm.github.io/releases/download/app-hybrid-developer-tools-code-latest/app-universal-release.apk,https://github.com/hieudoanm/hieudoanm.github.io/releases/download/app-hybrid-developer-tools-code-latest/code_aarch64.dmg,https://github.com/hieudoanm/hieudoanm.github.io/releases/download/app-hybrid-developer-tools-code-latest/code_amd64.AppImage,https://github.com/hieudoanm/hieudoanm.github.io/releases/download/app-hybrid-developer-tools-code-latest/code_amd64.deb,https://github.com/hieudoanm/hieudoanm.github.io/releases/download/app-hybrid-developer-tools-code-latest/code_x64.msi,https://github.com/hieudoanm/hieudoanm.github.io/releases/download/app-hybrid-developer-tools-code-latest/code_x64.exe,https://github.com/hieudoanm/hieudoanm.github.io/releases/download/app-hybrid-developer-tools-code-latest/code_x86_64.rpm
Apps (Hybrid),apps-hybrid,countries,Countries,Games,Entertainment,PiGlobeHemisphereWest,0.0.1,2025-01-01,,https://hieudoanm.github.io/free/countries,View Releases,https://github.com/hieudoanm/hieudoanm.github.io/releases/tag/app-hybrid-games-countries-latest,https://github.com/hieudoanm/hieudoanm.github.io/releases/download/app-hybrid-games-countries-latest/app-universal-release.aab,https://github.com/hieudoanm/hieudoanm.github.io/releases/download/app-hybrid-games-countries-latest/app-universal-release.apk,https://github.com/hieudoanm/hieudoanm.github.io/releases/download/app-hybrid-games-countries-latest/countries_aarch64.dmg,https://github.com/hieudoanm/hieudoanm.github.io/releases/download/app-hybrid-games-countries-latest/countries_amd64.AppImage,https://github.com/hieudoanm/hieudoanm.github.io/releases/download/app-hybrid-games-countries-latest/countries_amd64.deb,https://github.com/hieudoanm/hieudoanm.github.io/releases/download/app-hybrid-games-countries-latest/countries_x64.msi,https://github.com/hieudoanm/hieudoanm.github.io/releases/download/app-hybrid-games-countries-latest/countries_x64.exe,https://github.com/hieudoanm/hieudoanm.github.io/releases/download/app-hybrid-games-countries-latest/countries_x86_64.rpm
Apps (Hybrid),apps-hybrid,csv,CSV,Productivity,Business,PiTable,0.0.1,2025-01-01,,https://hieudoanm.github.io/free/csv,View Releases,https://github.com/hieudoanm/hieudoanm.github.io/releases/tag/app-hybrid-productivity-csv-latest,https://github.com/hieudoanm/hieudoanm.github.io/releases/download/app-hybrid-productivity-csv-latest/app-universal-release.aab,https://github.com/hieudoanm/hieudoanm.github.io/releases/download/app-hybrid-productivity-csv-latest/app-universal-release.apk,https://github.com/hieudoanm/hieudoanm.github.io/releases/download/app-hybrid-productivity-csv-latest/csv_aarch64.dmg,https://github.com/hieudoanm/hieudoanm.github.io/releases/download/app-hybrid-productivity-csv-latest/csv_amd64.AppImage,https://github.com/hieudoanm/hieudoanm.github.io/releases/download/app-hybrid-productivity-csv-latest/csv_amd64.deb,https://github.com/hieudoanm/hieudoanm.github.io/releases/download/app-hybrid-productivity-csv-latest/csv_x64.msi,https://github.com/hieudoanm/hieudoanm.github.io/releases/download/app-hybrid-productivity-csv-latest/csv_x64.exe,https://github.com/hieudoanm/hieudoanm.github.io/releases/download/app-hybrid-productivity-csv-latest/csv_x86_64.rpm
Apps (Hybrid),apps-hybrid,database,Database,Developer Tools,Business,PiDatabase,0.0.1,2025-01-01,,https://hieudoanm.github.io/free/database,View Releases,https://github.com/hieudoanm/hieudoanm.github.io/releases/tag/app-hybrid-developer-tools-database-latest,https://github.com/hieudoanm/hieudoanm.github.io/releases/download/app-hybrid-developer-tools-database-latest/app-universal-release.aab,https://github.com/hieudoanm/hieudoanm.github.io/releases/download/app-hybrid-developer-tools-database-latest/app-universal-release.apk,https://github.com/hieudoanm/hieudoanm.github.io/releases/download/app-hybrid-developer-tools-database-latest/database_aarch64.dmg,https://github.com/hieudoanm/hieudoanm.github.io/releases/download/app-hybrid-developer-tools-database-latest/database_amd64.AppImage,https://github.com/hieudoanm/hieudoanm.github.io/releases/download/app-hybrid-developer-tools-database-latest/database_amd64.deb,https://github.com/hieudoanm/hieudoanm.github.io/releases/download/app-hybrid-developer-tools-database-latest/database_x64.msi,https://github.com/hieudoanm/hieudoanm.github.io/releases/download/app-hybrid-developer-tools-database-latest/database_x64.exe,https://github.com/hieudoanm/hieudoanm.github.io/releases/download/app-hybrid-developer-tools-database-latest/database_x86_64.rpm
Apps (Hybrid),apps-hybrid,diagram,Diagram,Developer Tools,Graphics & Design,PiPaintBrush,0.0.1,2025-01-01,,https://hieudoanm.github.io/free/diagram,View Releases,https://github.com/hieudoanm/hieudoanm.github.io/releases/tag/app-hybrid-developer-tools-diagram-latest,https://github.com/hieudoanm/hieudoanm.github.io/releases/download/app-hybrid-developer-tools-diagram-latest/app-universal-release.aab,https://github.com/hieudoanm/hieudoanm.github.io/releases/download/app-hybrid-developer-tools-diagram-latest/app-universal-release.apk,https://github.com/hieudoanm/hieudoanm.github.io/releases/download/app-hybrid-developer-tools-diagram-latest/diagram_aarch64.dmg,https://github.com/hieudoanm/hieudoanm.github.io/releases/download/app-hybrid-developer-tools-diagram-latest/diagram_amd64.AppImage,https://github.com/hieudoanm/hieudoanm.github.io/releases/download/app-hybrid-developer-tools-diagram-latest/diagram_amd64.deb,https://github.com/hieudoanm/hieudoanm.github.io/releases/download/app-hybrid-developer-tools-diagram-latest/diagram_x64.msi,https://github.com/hieudoanm/hieudoanm.github.io/releases/download/app-hybrid-developer-tools-diagram-latest/diagram_x64.exe,https://github.com/hieudoanm/hieudoanm.github.io/releases/download/app-hybrid-developer-tools-diagram-latest/diagram_x86_64.rpm
Apps (Hybrid),apps-hybrid,docs,Docs,Utilities,Productivity,PiGear,0.0.1,2025-01-01,,https://hieudoanm.github.io/free/docs,View Releases,https://github.com/hieudoanm/hieudoanm.github.io/releases/tag/app-hybrid-utilities-docs-latest,https://github.com/hieudoanm/hieudoanm.github.io/releases/download/app-hybrid-utilities-docs-latest/app-universal-release.aab,https://github.com/hieudoanm/hieudoanm.github.io/releases/download/app-hybrid-utilities-docs-latest/app-universal-release.apk,https://github.com/hieudoanm/hieudoanm.github.io/releases/download/app-hybrid-utilities-docs-latest/hieudoanm_next_aarch64.dmg,https://github.com/hieudoanm/hieudoanm.github.io/releases/download/app-hybrid-utilities-docs-latest/hieudoanm_next_amd64.AppImage,https://github.com/hieudoanm/hieudoanm.github.io/releases/download/app-hybrid-utilities-docs-latest/hieudoanm_next_amd64.deb,https://github.com/hieudoanm/hieudoanm.github.io/releases/download/app-hybrid-utilities-docs-latest/hieudoanm_next_x64.msi,https://github.com/hieudoanm/hieudoanm.github.io/releases/download/app-hybrid-utilities-docs-latest/hieudoanm_next_x64.exe,https://github.com/hieudoanm/hieudoanm.github.io/releases/download/app-hybrid-utilities-docs-latest/hieudoanm_next_x86_64.rpm
Apps (Hybrid),apps-hybrid,economics,Economics,Education,Games,PiCurrencyDollar,0.0.1,2025-01-01,,https://hieudoanm.github.io/free/economics,View Releases,https://github.com/hieudoanm/hieudoanm.github.io/releases/tag/app-hybrid-education-economics-latest,https://github.com/hieudoanm/hieudoanm.github.io/releases/download/app-hybrid-education-economics-latest/app-universal-release.aab,https://github.com/hieudoanm/hieudoanm.github.io/releases/download/app-hybrid-education-economics-latest/app-universal-release.apk,https://github.com/hieudoanm/hieudoanm.github.io/releases/download/app-hybrid-education-economics-latest/economics_aarch64.dmg,https://github.com/hieudoanm/hieudoanm.github.io/releases/download/app-hybrid-education-economics-latest/economics_amd64.AppImage,https://github.com/hieudoanm/hieudoanm.github.io/releases/download/app-hybrid-education-economics-latest/economics_amd64.deb,https://github.com/hieudoanm/hieudoanm.github.io/releases/download/app-hybrid-education-economics-latest/economics_x64.msi,https://github.com/hieudoanm/hieudoanm.github.io/releases/download/app-hybrid-education-economics-latest/economics_x64.exe,https://github.com/hieudoanm/hieudoanm.github.io/releases/download/app-hybrid-education-economics-latest/economics_x86_64.rpm
Apps (Hybrid),apps-hybrid,eyes,Eyes,Medical,Health & Fitness,PiEye,0.0.1,2025-01-01,,https://hieudoanm.github.io/free/eyes,View Releases,https://github.com/hieudoanm/hieudoanm.github.io/releases/tag/app-hybrid-medical-eyes-latest,https://github.com/hieudoanm/hieudoanm.github.io/releases/download/app-hybrid-medical-eyes-latest/app-universal-release.aab,https://github.com/hieudoanm/hieudoanm.github.io/releases/download/app-hybrid-medical-eyes-latest/app-universal-release.apk,https://github.com/hieudoanm/hieudoanm.github.io/releases/download/app-hybrid-medical-eyes-latest/eyes_aarch64.dmg,https://github.com/hieudoanm/hieudoanm.github.io/releases/download/app-hybrid-medical-eyes-latest/eyes_amd64.AppImage,https://github.com/hieudoanm/hieudoanm.github.io/releases/download/app-hybrid-medical-eyes-latest/eyes_amd64.deb,https://github.com/hieudoanm/hieudoanm.github.io/releases/download/app-hybrid-medical-eyes-latest/eyes_x64.msi,https://github.com/hieudoanm/hieudoanm.github.io/releases/download/app-hybrid-medical-eyes-latest/eyes_x64.exe,https://github.com/hieudoanm/hieudoanm.github.io/releases/download/app-hybrid-medical-eyes-latest/eyes_x86_64.rpm
Apps (Hybrid),apps-hybrid,football,Football,Sports,Games,PiSoccerBall,0.0.1,2025-01-01,,https://hieudoanm.github.io/free/football,View Releases,https://github.com/hieudoanm/hieudoanm.github.io/releases/tag/app-hybrid-sports-football-latest,https://github.com/hieudoanm/hieudoanm.github.io/releases/download/app-hybrid-sports-football-latest/app-universal-release.aab,https://github.com/hieudoanm/hieudoanm.github.io/releases/download/app-hybrid-sports-football-latest/app-universal-release.apk,https://github.com/hieudoanm/hieudoanm.github.io/releases/download/app-hybrid-sports-football-latest/football_aarch64.dmg,https://github.com/hieudoanm/hieudoanm.github.io/releases/download/app-hybrid-sports-football-latest/football_amd64.AppImage,https://github.com/hieudoanm/hieudoanm.github.io/releases/download/app-hybrid-sports-football-latest/football_amd64.deb,https://github.com/hieudoanm/hieudoanm.github.io/releases/download/app-hybrid-sports-football-latest/football_x64.msi,https://github.com/hieudoanm/hieudoanm.github.io/releases/download/app-hybrid-sports-football-latest/football_x64.exe,https://github.com/hieudoanm/hieudoanm.github.io/releases/download/app-hybrid-sports-football-latest/football_x86_64.rpm
Apps (Hybrid),apps-hybrid,foody,Foody,Food & Drink,Health & Fitness,PiHamburger,0.0.1,2025-01-01,,https://hieudoanm.github.io/free/foody,View Releases,https://github.com/hieudoanm/hieudoanm.github.io/releases/tag/app-hybrid-food-drink-foody-latest,https://github.com/hieudoanm/hieudoanm.github.io/releases/download/app-hybrid-food-drink-foody-latest/app-universal-release.aab,https://github.com/hieudoanm/hieudoanm.github.io/releases/download/app-hybrid-food-drink-foody-latest/app-universal-release.apk,https://github.com/hieudoanm/hieudoanm.github.io/releases/download/app-hybrid-food-drink-foody-latest/foody_aarch64.dmg,https://github.com/hieudoanm/hieudoanm.github.io/releases/download/app-hybrid-food-drink-foody-latest/foody_amd64.AppImage,https://github.com/hieudoanm/hieudoanm.github.io/releases/download/app-hybrid-food-drink-foody-latest/foody_amd64.deb,https://github.com/hieudoanm/hieudoanm.github.io/releases/download/app-hybrid-food-drink-foody-latest/foody_x64.msi,https://github.com/hieudoanm/hieudoanm.github.io/releases/download/app-hybrid-food-drink-foody-latest/foody_x64.exe,https://github.com/hieudoanm/hieudoanm.github.io/releases/download/app-hybrid-food-drink-foody-latest/foody_x86_64.rpm
Apps (Hybrid),apps-hybrid,history,History,Education,Games,PiBooks,0.0.1,2025-01-01,,https://hieudoanm.github.io/free/history,View Releases,https://github.com/hieudoanm/hieudoanm.github.io/releases/tag/app-hybrid-education-history-latest,https://github.com/hieudoanm/hieudoanm.github.io/releases/download/app-hybrid-education-history-latest/app-universal-release.aab,https://github.com/hieudoanm/hieudoanm.github.io/releases/download/app-hybrid-education-history-latest/app-universal-release.apk,https://github.com/hieudoanm/hieudoanm.github.io/releases/download/app-hybrid-education-history-latest/history_aarch64.dmg,https://github.com/hieudoanm/hieudoanm.github.io/releases/download/app-hybrid-education-history-latest/history_amd64.AppImage,https://github.com/hieudoanm/hieudoanm.github.io/releases/download/app-hybrid-education-history-latest/history_amd64.deb,https://github.com/hieudoanm/hieudoanm.github.io/releases/download/app-hybrid-education-history-latest/history_x64.msi,https://github.com/hieudoanm/hieudoanm.github.io/releases/download/app-hybrid-education-history-latest/history_x64.exe,https://github.com/hieudoanm/hieudoanm.github.io/releases/download/app-hybrid-education-history-latest/history_x86_64.rpm
Apps (Hybrid),apps-hybrid,keynotes,Keynotes,Productivity,Education,PiPresentation,0.0.1,2025-01-01,,https://hieudoanm.github.io/free/keynotes,View Releases,https://github.com/hieudoanm/hieudoanm.github.io/releases/tag/app-hybrid-productivity-keynotes-latest,https://github.com/hieudoanm/hieudoanm.github.io/releases/download/app-hybrid-productivity-keynotes-latest/app-universal-release.aab,https://github.com/hieudoanm/hieudoanm.github.io/releases/download/app-hybrid-productivity-keynotes-latest/app-universal-release.apk,https://github.com/hieudoanm/hieudoanm.github.io/releases/download/app-hybrid-productivity-keynotes-latest/keynotes_aarch64.dmg,https://github.com/hieudoanm/hieudoanm.github.io/releases/download/app-hybrid-productivity-keynotes-latest/keynotes_amd64.AppImage,https://github.com/hieudoanm/hieudoanm.github.io/releases/download/app-hybrid-productivity-keynotes-latest/keynotes_amd64.deb,https://github.com/hieudoanm/hieudoanm.github.io/releases/download/app-hybrid-productivity-keynotes-latest/keynotes_x64.msi,https://github.com/hieudoanm/hieudoanm.github.io/releases/download/app-hybrid-productivity-keynotes-latest/keynotes_x64.exe,https://github.com/hieudoanm/hieudoanm.github.io/releases/download/app-hybrid-productivity-keynotes-latest/keynotes_x86_64.rpm
Apps (Hybrid),apps-hybrid,lingo,Lingo,Education,Games,PiGraduationCap,0.0.1,2025-01-01,,https://hieudoanm.github.io/free/lingo,View Releases,https://github.com/hieudoanm/hieudoanm.github.io/releases/tag/app-hybrid-education-lingo-latest,https://github.com/hieudoanm/hieudoanm.github.io/releases/download/app-hybrid-education-lingo-latest/app-universal-release.aab,https://github.com/hieudoanm/hieudoanm.github.io/releases/download/app-hybrid-education-lingo-latest/app-universal-release.apk,https://github.com/hieudoanm/hieudoanm.github.io/releases/download/app-hybrid-education-lingo-latest/lingo_aarch64.dmg,https://github.com/hieudoanm/hieudoanm.github.io/releases/download/app-hybrid-education-lingo-latest/lingo_amd64.AppImage,https://github.com/hieudoanm/hieudoanm.github.io/releases/download/app-hybrid-education-lingo-latest/lingo_amd64.deb,https://github.com/hieudoanm/hieudoanm.github.io/releases/download/app-hybrid-education-lingo-latest/lingo_x64.msi,https://github.com/hieudoanm/hieudoanm.github.io/releases/download/app-hybrid-education-lingo-latest/lingo_x64.exe,https://github.com/hieudoanm/hieudoanm.github.io/releases/download/app-hybrid-education-lingo-latest/lingo_x86_64.rpm
Apps (Hybrid),apps-hybrid,markdown,Markdown,Productivity,Education,PiMarkdownLogo,0.0.1,2025-01-01,,https://hieudoanm.github.io/free/markdown,View Releases,https://github.com/hieudoanm/hieudoanm.github.io/releases/tag/app-hybrid-productivity-markdown-latest,https://github.com/hieudoanm/hieudoanm.github.io/releases/download/app-hybrid-productivity-markdown-latest/app-universal-release.aab,https://github.com/hieudoanm/hieudoanm.github.io/releases/download/app-hybrid-productivity-markdown-latest/app-universal-release.apk,https://github.com/hieudoanm/hieudoanm.github.io/releases/download/app-hybrid-productivity-markdown-latest/markdown_aarch64.dmg,https://github.com/hieudoanm/hieudoanm.github.io/releases/download/app-hybrid-productivity-markdown-latest/markdown_amd64.AppImage,https://github.com/hieudoanm/hieudoanm.github.io/releases/download/app-hybrid-productivity-markdown-latest/markdown_amd64.deb,https://github.com/hieudoanm/hieudoanm.github.io/releases/download/app-hybrid-productivity-markdown-latest/markdown_x64.msi,https://github.com/hieudoanm/hieudoanm.github.io/releases/download/app-hybrid-productivity-markdown-latest/markdown_x64.exe,https://github.com/hieudoanm/hieudoanm.github.io/releases/download/app-hybrid-productivity-markdown-latest/markdown_x86_64.rpm
Apps (Hybrid),apps-hybrid,memory,Memory,Games,Entertainment,PiMemory,0.0.1,2025-01-01,,https://hieudoanm.github.io/free/memory,View Releases,https://github.com/hieudoanm/hieudoanm.github.io/releases/tag/app-hybrid-games-memory-latest,https://github.com/hieudoanm/hieudoanm.github.io/releases/download/app-hybrid-games-memory-latest/app-universal-release.aab,https://github.com/hieudoanm/hieudoanm.github.io/releases/download/app-hybrid-games-memory-latest/app-universal-release.apk,https://github.com/hieudoanm/hieudoanm.github.io/releases/download/app-hybrid-games-memory-latest/memory_aarch64.dmg,https://github.com/hieudoanm/hieudoanm.github.io/releases/download/app-hybrid-games-memory-latest/memory_amd64.AppImage,https://github.com/hieudoanm/hieudoanm.github.io/releases/download/app-hybrid-games-memory-latest/memory_amd64.deb,https://github.com/hieudoanm/hieudoanm.github.io/releases/download/app-hybrid-games-memory-latest/memory_x64.msi,https://github.com/hieudoanm/hieudoanm.github.io/releases/download/app-hybrid-games-memory-latest/memory_x64.exe,https://github.com/hieudoanm/hieudoanm.github.io/releases/download/app-hybrid-games-memory-latest/memory_x86_64.rpm
Apps (Hybrid),apps-hybrid,messaging,Messaging,Social Networking,Business,PiPaperPlaneTilt,0.0.1,2025-01-01,,https://hieudoanm.github.io/free/messaging,View Releases,https://github.com/hieudoanm/hieudoanm.github.io/releases/tag/app-hybrid-social-networking-messaging-latest,https://github.com/hieudoanm/hieudoanm.github.io/releases/download/app-hybrid-social-networking-messaging-latest/app-universal-release.aab,https://github.com/hieudoanm/hieudoanm.github.io/releases/download/app-hybrid-social-networking-messaging-latest/app-universal-release.apk,https://github.com/hieudoanm/hieudoanm.github.io/releases/download/app-hybrid-social-networking-messaging-latest/messaging_aarch64.dmg,https://github.com/hieudoanm/hieudoanm.github.io/releases/download/app-hybrid-social-networking-messaging-latest/messaging_amd64.AppImage,https://github.com/hieudoanm/hieudoanm.github.io/releases/download/app-hybrid-social-networking-messaging-latest/messaging_amd64.deb,https://github.com/hieudoanm/hieudoanm.github.io/releases/download/app-hybrid-social-networking-messaging-latest/messaging_x64.msi,https://github.com/hieudoanm/hieudoanm.github.io/releases/download/app-hybrid-social-networking-messaging-latest/messaging_x64.exe,https://github.com/hieudoanm/hieudoanm.github.io/releases/download/app-hybrid-social-networking-messaging-latest/messaging_x86_64.rpm
Apps (Hybrid),apps-hybrid,mri,MRI,Medical,Health & Fitness,PiScan,0.0.1,2025-01-01,,https://hieudoanm.github.io/free/mri,View Releases,https://github.com/hieudoanm/hieudoanm.github.io/releases/tag/app-hybrid-medical-mri-latest,https://github.com/hieudoanm/hieudoanm.github.io/releases/download/app-hybrid-medical-mri-latest/app-universal-release.aab,https://github.com/hieudoanm/hieudoanm.github.io/releases/download/app-hybrid-medical-mri-latest/app-universal-release.apk,https://github.com/hieudoanm/hieudoanm.github.io/releases/download/app-hybrid-medical-mri-latest/mri_aarch64.dmg,https://github.com/hieudoanm/hieudoanm.github.io/releases/download/app-hybrid-medical-mri-latest/mri_amd64.AppImage,https://github.com/hieudoanm/hieudoanm.github.io/releases/download/app-hybrid-medical-mri-latest/mri_amd64.deb,https://github.com/hieudoanm/hieudoanm.github.io/releases/download/app-hybrid-medical-mri-latest/mri_x64.msi,https://github.com/hieudoanm/hieudoanm.github.io/releases/download/app-hybrid-medical-mri-latest/mri_x64.exe,https://github.com/hieudoanm/hieudoanm.github.io/releases/download/app-hybrid-medical-mri-latest/mri_x86_64.rpm
Apps (Hybrid),apps-hybrid,music,Music,Education,Games,PiMusicNote,0.0.1,2025-01-01,,https://hieudoanm.github.io/free/music,View Releases,https://github.com/hieudoanm/hieudoanm.github.io/releases/tag/app-hybrid-education-music-latest,https://github.com/hieudoanm/hieudoanm.github.io/releases/download/app-hybrid-education-music-latest/app-universal-release.aab,https://github.com/hieudoanm/hieudoanm.github.io/releases/download/app-hybrid-education-music-latest/app-universal-release.apk,https://github.com/hieudoanm/hieudoanm.github.io/releases/download/app-hybrid-education-music-latest/music_aarch64.dmg,https://github.com/hieudoanm/hieudoanm.github.io/releases/download/app-hybrid-education-music-latest/music_amd64.AppImage,https://github.com/hieudoanm/hieudoanm.github.io/releases/download/app-hybrid-education-music-latest/music_amd64.deb,https://github.com/hieudoanm/hieudoanm.github.io/releases/download/app-hybrid-education-music-latest/music_x64.msi,https://github.com/hieudoanm/hieudoanm.github.io/releases/download/app-hybrid-education-music-latest/music_x64.exe,https://github.com/hieudoanm/hieudoanm.github.io/releases/download/app-hybrid-education-music-latest/music_x86_64.rpm
Apps (Hybrid),apps-hybrid,nikoli,Nikoli,Games,Entertainment,PiGridNine,0.0.1,2025-01-01,,https://hieudoanm.github.io/free/nikoli,View Releases,https://github.com/hieudoanm/hieudoanm.github.io/releases/tag/app-hybrid-entertainment-nikoli-latest,https://github.com/hieudoanm/hieudoanm.github.io/releases/download/app-hybrid-entertainment-nikoli-latest/app-universal-release.aab,https://github.com/hieudoanm/hieudoanm.github.io/releases/download/app-hybrid-entertainment-nikoli-latest/app-universal-release.apk,https://github.com/hieudoanm/hieudoanm.github.io/releases/download/app-hybrid-entertainment-nikoli-latest/nikoli_aarch64.dmg,https://github.com/hieudoanm/hieudoanm.github.io/releases/download/app-hybrid-entertainment-nikoli-latest/nikoli_amd64.AppImage,https://github.com/hieudoanm/hieudoanm.github.io/releases/download/app-hybrid-entertainment-nikoli-latest/nikoli_amd64.deb,https://github.com/hieudoanm/hieudoanm.github.io/releases/download/app-hybrid-entertainment-nikoli-latest/nikoli_x64.msi,https://github.com/hieudoanm/hieudoanm.github.io/releases/download/app-hybrid-entertainment-nikoli-latest/nikoli_x64.exe,https://github.com/hieudoanm/hieudoanm.github.io/releases/download/app-hybrid-entertainment-nikoli-latest/nikoli_x86_64.rpm
Apps (Hybrid),apps-hybrid,password,Password,Utilities,Productivity,PiPassword,0.0.1,2025-01-01,,https://hieudoanm.github.io/free/password,View Releases,https://github.com/hieudoanm/hieudoanm.github.io/releases/tag/app-hybrid-utilities-password-latest,https://github.com/hieudoanm/hieudoanm.github.io/releases/download/app-hybrid-utilities-password-latest/app-universal-release.aab,https://github.com/hieudoanm/hieudoanm.github.io/releases/download/app-hybrid-utilities-password-latest/app-universal-release.apk,https://github.com/hieudoanm/hieudoanm.github.io/releases/download/app-hybrid-utilities-password-latest/password_aarch64.dmg,https://github.com/hieudoanm/hieudoanm.github.io/releases/download/app-hybrid-utilities-password-latest/password_amd64.AppImage,https://github.com/hieudoanm/hieudoanm.github.io/releases/download/app-hybrid-utilities-password-latest/password_amd64.deb,https://github.com/hieudoanm/hieudoanm.github.io/releases/download/app-hybrid-utilities-password-latest/password_x64.msi,https://github.com/hieudoanm/hieudoanm.github.io/releases/download/app-hybrid-utilities-password-latest/password_x64.exe,https://github.com/hieudoanm/hieudoanm.github.io/releases/download/app-hybrid-utilities-password-latest/password_x86_64.rpm
Apps (Hybrid),apps-hybrid,pdf,PDF,Productivity,Business,PiFilePdf,0.0.1,2025-01-01,,https://hieudoanm.github.io/free/pdf,View Releases,https://github.com/hieudoanm/hieudoanm.github.io/releases/tag/app-hybrid-productivity-pdf-latest,https://github.com/hieudoanm/hieudoanm.github.io/releases/download/app-hybrid-productivity-pdf-latest/app-universal-release.aab,https://github.com/hieudoanm/hieudoanm.github.io/releases/download/app-hybrid-productivity-pdf-latest/app-universal-release.apk,https://github.com/hieudoanm/hieudoanm.github.io/releases/download/app-hybrid-productivity-pdf-latest/pdf_aarch64.dmg,https://github.com/hieudoanm/hieudoanm.github.io/releases/download/app-hybrid-productivity-pdf-latest/pdf_amd64.AppImage,https://github.com/hieudoanm/hieudoanm.github.io/releases/download/app-hybrid-productivity-pdf-latest/pdf_amd64.deb,https://github.com/hieudoanm/hieudoanm.github.io/releases/download/app-hybrid-productivity-pdf-latest/pdf_x64.msi,https://github.com/hieudoanm/hieudoanm.github.io/releases/download/app-hybrid-productivity-pdf-latest/pdf_x64.exe,https://github.com/hieudoanm/hieudoanm.github.io/releases/download/app-hybrid-productivity-pdf-latest/pdf_x86_64.rpm
Apps (Hybrid),apps-hybrid,photo,Photo,Graphics & Design,Photo & Video,PiImage,0.0.1,2025-01-01,,https://hieudoanm.github.io/free/photo,View Releases,https://github.com/hieudoanm/hieudoanm.github.io/releases/tag/app-hybrid-graphics-design-photo-latest,https://github.com/hieudoanm/hieudoanm.github.io/releases/download/app-hybrid-graphics-design-photo-latest/app-universal-release.aab,https://github.com/hieudoanm/hieudoanm.github.io/releases/download/app-hybrid-graphics-design-photo-latest/app-universal-release.apk,https://github.com/hieudoanm/hieudoanm.github.io/releases/download/app-hybrid-graphics-design-photo-latest/photo_aarch64.dmg,https://github.com/hieudoanm/hieudoanm.github.io/releases/download/app-hybrid-graphics-design-photo-latest/photo_amd64.AppImage,https://github.com/hieudoanm/hieudoanm.github.io/releases/download/app-hybrid-graphics-design-photo-latest/photo_amd64.deb,https://github.com/hieudoanm/hieudoanm.github.io/releases/download/app-hybrid-graphics-design-photo-latest/photo_x64.msi,https://github.com/hieudoanm/hieudoanm.github.io/releases/download/app-hybrid-graphics-design-photo-latest/photo_x64.exe,https://github.com/hieudoanm/hieudoanm.github.io/releases/download/app-hybrid-graphics-design-photo-latest/photo_x86_64.rpm
Apps (Hybrid),apps-hybrid,pos,POS,Business,Finance,PiShoppingCart,0.0.1,2025-01-01,,https://hieudoanm.github.io/free/pos,View Releases,https://github.com/hieudoanm/hieudoanm.github.io/releases/tag/app-hybrid-business-pos-latest,https://github.com/hieudoanm/hieudoanm.github.io/releases/download/app-hybrid-business-pos-latest/app-universal-release.aab,https://github.com/hieudoanm/hieudoanm.github.io/releases/download/app-hybrid-business-pos-latest/app-universal-release.apk,https://github.com/hieudoanm/hieudoanm.github.io/releases/download/app-hybrid-business-pos-latest/pos_aarch64.dmg,https://github.com/hieudoanm/hieudoanm.github.io/releases/download/app-hybrid-business-pos-latest/pos_amd64.AppImage,https://github.com/hieudoanm/hieudoanm.github.io/releases/download/app-hybrid-business-pos-latest/pos_amd64.deb,https://github.com/hieudoanm/hieudoanm.github.io/releases/download/app-hybrid-business-pos-latest/pos_x64.msi,https://github.com/hieudoanm/hieudoanm.github.io/releases/download/app-hybrid-business-pos-latest/pos_x64.exe,https://github.com/hieudoanm/hieudoanm.github.io/releases/download/app-hybrid-business-pos-latest/pos_x86_64.rpm
Apps (Hybrid),apps-hybrid,projects,Projects,Productivity,Business,PiFolder,0.0.1,2025-01-01,,https://hieudoanm.github.io/free/projects,View Releases,https://github.com/hieudoanm/hieudoanm.github.io/releases/tag/app-hybrid-productivity-projects-latest,https://github.com/hieudoanm/hieudoanm.github.io/releases/download/app-hybrid-productivity-projects-latest/app-universal-release.aab,https://github.com/hieudoanm/hieudoanm.github.io/releases/download/app-hybrid-productivity-projects-latest/app-universal-release.apk,https://github.com/hieudoanm/hieudoanm.github.io/releases/download/app-hybrid-productivity-projects-latest/projects_aarch64.dmg,https://github.com/hieudoanm/hieudoanm.github.io/releases/download/app-hybrid-productivity-projects-latest/projects_amd64.AppImage,https://github.com/hieudoanm/hieudoanm.github.io/releases/download/app-hybrid-productivity-projects-latest/projects_amd64.deb,https://github.com/hieudoanm/hieudoanm.github.io/releases/download/app-hybrid-productivity-projects-latest/projects_x64.msi,https://github.com/hieudoanm/hieudoanm.github.io/releases/download/app-hybrid-productivity-projects-latest/projects_x64.exe,https://github.com/hieudoanm/hieudoanm.github.io/releases/download/app-hybrid-productivity-projects-latest/projects_x86_64.rpm
Apps (Hybrid),apps-hybrid,psychology,Psychology,Medical,Health & Fitness,PiBrain,0.0.1,2025-01-01,,https://hieudoanm.github.io/free/psychology,View Releases,https://github.com/hieudoanm/hieudoanm.github.io/releases/tag/app-hybrid-medical-psychology-latest,https://github.com/hieudoanm/hieudoanm.github.io/releases/download/app-hybrid-medical-psychology-latest/app-universal-release.aab,https://github.com/hieudoanm/hieudoanm.github.io/releases/download/app-hybrid-medical-psychology-latest/app-universal-release.apk,https://github.com/hieudoanm/hieudoanm.github.io/releases/download/app-hybrid-medical-psychology-latest/psychology_aarch64.dmg,https://github.com/hieudoanm/hieudoanm.github.io/releases/download/app-hybrid-medical-psychology-latest/psychology_amd64.AppImage,https://github.com/hieudoanm/hieudoanm.github.io/releases/download/app-hybrid-medical-psychology-latest/psychology_amd64.deb,https://github.com/hieudoanm/hieudoanm.github.io/releases/download/app-hybrid-medical-psychology-latest/psychology_x64.msi,https://github.com/hieudoanm/hieudoanm.github.io/releases/download/app-hybrid-medical-psychology-latest/psychology_x64.exe,https://github.com/hieudoanm/hieudoanm.github.io/releases/download/app-hybrid-medical-psychology-latest/psychology_x86_64.rpm
Apps (Hybrid),apps-hybrid,resume,Resume,Productivity,Business,PiFilePdf,0.0.1,2025-01-01,,https://hieudoanm.github.io/free/resume,View Releases,https://github.com/hieudoanm/hieudoanm.github.io/releases/tag/app-hybrid-productivity-resume-latest,https://github.com/hieudoanm/hieudoanm.github.io/releases/download/app-hybrid-productivity-resume-latest/app-universal-release.aab,https://github.com/hieudoanm/hieudoanm.github.io/releases/download/app-hybrid-productivity-resume-latest/app-universal-release.apk,https://github.com/hieudoanm/hieudoanm.github.io/releases/download/app-hybrid-productivity-resume-latest/resume_aarch64.dmg,https://github.com/hieudoanm/hieudoanm.github.io/releases/download/app-hybrid-productivity-resume-latest/resume_amd64.AppImage,https://github.com/hieudoanm/hieudoanm.github.io/releases/download/app-hybrid-productivity-resume-latest/resume_amd64.deb,https://github.com/hieudoanm/hieudoanm.github.io/releases/download/app-hybrid-productivity-resume-latest/resume_x64.msi,https://github.com/hieudoanm/hieudoanm.github.io/releases/download/app-hybrid-productivity-resume-latest/resume_x64.exe,https://github.com/hieudoanm/hieudoanm.github.io/releases/download/app-hybrid-productivity-resume-latest/resume_x86_64.rpm
Apps (Hybrid),apps-hybrid,store,Store,Shopping,Business,PiShoppingBag,0.0.1,2025-01-01,,https://hieudoanm.github.io/free/store,View Releases,https://github.com/hieudoanm/hieudoanm.github.io/releases/tag/app-hybrid-shopping-store-latest,https://github.com/hieudoanm/hieudoanm.github.io/releases/download/app-hybrid-shopping-store-latest/app-universal-release.aab,https://github.com/hieudoanm/hieudoanm.github.io/releases/download/app-hybrid-shopping-store-latest/app-universal-release.apk,https://github.com/hieudoanm/hieudoanm.github.io/releases/download/app-hybrid-shopping-store-latest/store_aarch64.dmg,https://github.com/hieudoanm/hieudoanm.github.io/releases/download/app-hybrid-shopping-store-latest/store_amd64.AppImage,https://github.com/hieudoanm/hieudoanm.github.io/releases/download/app-hybrid-shopping-store-latest/store_amd64.deb,https://github.com/hieudoanm/hieudoanm.github.io/releases/download/app-hybrid-shopping-store-latest/store_x64.msi,https://github.com/hieudoanm/hieudoanm.github.io/releases/download/app-hybrid-shopping-store-latest/store_x64.exe,https://github.com/hieudoanm/hieudoanm.github.io/releases/download/app-hybrid-shopping-store-latest/store_x86_64.rpm
Apps (Hybrid),apps-hybrid,svg,SVG,Graphics & Design,Photo & Video,PiPath,0.0.1,2025-01-01,,https://hieudoanm.github.io/free/svg,View Releases,https://github.com/hieudoanm/hieudoanm.github.io/releases/tag/app-hybrid-graphics-design-svg-latest,https://github.com/hieudoanm/hieudoanm.github.io/releases/download/app-hybrid-graphics-design-svg-latest/app-universal-release.aab,https://github.com/hieudoanm/hieudoanm.github.io/releases/download/app-hybrid-graphics-design-svg-latest/app-universal-release.apk,https://github.com/hieudoanm/hieudoanm.github.io/releases/download/app-hybrid-graphics-design-svg-latest/svg_aarch64.dmg,https://github.com/hieudoanm/hieudoanm.github.io/releases/download/app-hybrid-graphics-design-svg-latest/svg_amd64.AppImage,https://github.com/hieudoanm/hieudoanm.github.io/releases/download/app-hybrid-graphics-design-svg-latest/svg_amd64.deb,https://github.com/hieudoanm/hieudoanm.github.io/releases/download/app-hybrid-graphics-design-svg-latest/svg_x64.msi,https://github.com/hieudoanm/hieudoanm.github.io/releases/download/app-hybrid-graphics-design-svg-latest/svg_x64.exe,https://github.com/hieudoanm/hieudoanm.github.io/releases/download/app-hybrid-graphics-design-svg-latest/svg_x86_64.rpm
Apps (Hybrid),apps-hybrid,tax,Tax,Finance,Business,PiReceipt,0.0.1,2026-08-27,,https://hieudoanm.github.io/free/tax,View Releases,https://github.com/hieudoanm/hieudoanm.github.io/releases/tag/app-hybrid-finance-tax-latest,https://github.com/hieudoanm/hieudoanm.github.io/releases/download/app-hybrid-finance-tax-latest/app-universal-release.aab,https://github.com/hieudoanm/hieudoanm.github.io/releases/download/app-hybrid-finance-tax-latest/app-universal-release.apk,https://github.com/hieudoanm/hieudoanm.github.io/releases/download/app-hybrid-finance-tax-latest/tax_aarch64.dmg,https://github.com/hieudoanm/hieudoanm.github.io/releases/download/app-hybrid-finance-tax-latest/tax_amd64.AppImage,https://github.com/hieudoanm/hieudoanm.github.io/releases/download/app-hybrid-finance-tax-latest/tax_amd64.deb,https://github.com/hieudoanm/hieudoanm.github.io/releases/download/app-hybrid-finance-tax-latest/tax_x64.msi,https://github.com/hieudoanm/hieudoanm.github.io/releases/download/app-hybrid-finance-tax-latest/tax_x64.exe,https://github.com/hieudoanm/hieudoanm.github.io/releases/download/app-hybrid-finance-tax-latest/tax_x86_64.rpm,https://github.com/hieudoanm/hieudoanm.github.io/releases/download/app-hybrid-finance-tax-latest/tax_amd64.AppImage
Apps (Hybrid),apps-hybrid,tic-tac-toe,Tic-Tac-Toe,Games,Entertainment,PiX,0.0.1,2025-01-01,,https://hieudoanm.github.io/free/tic-tac-toe,View Releases,https://github.com/hieudoanm/hieudoanm.github.io/releases/tag/app-hybrid-games-tic-tac-toe-latest,https://github.com/hieudoanm/hieudoanm.github.io/releases/download/app-hybrid-games-tic-tac-toe-latest/app-universal-release.aab,https://github.com/hieudoanm/hieudoanm.github.io/releases/download/app-hybrid-games-tic-tac-toe-latest/app-universal-release.apk,https://github.com/hieudoanm/hieudoanm.github.io/releases/download/app-hybrid-games-tic-tac-toe-latest/tic-tac-toe_aarch64.dmg,https://github.com/hieudoanm/hieudoanm.github.io/releases/download/app-hybrid-games-tic-tac-toe-latest/tic-tac-toe_amd64.AppImage,https://github.com/hieudoanm/hieudoanm.github.io/releases/download/app-hybrid-games-tic-tac-toe-latest/tic-tac-toe_amd64.deb,https://github.com/hieudoanm/hieudoanm.github.io/releases/download/app-hybrid-games-tic-tac-toe-latest/tic-tac-toe_x64.msi,https://github.com/hieudoanm/hieudoanm.github.io/releases/download/app-hybrid-games-tic-tac-toe-latest/tic-tac-toe_x64.exe,https://github.com/hieudoanm/hieudoanm.github.io/releases/download/app-hybrid-games-tic-tac-toe-latest/tic-tac-toe_x86_64.rpm
Apps (Hybrid),apps-hybrid,tourney,Tourney,Sports,Games,PiTrophy,0.0.1,2025-01-01,,https://hieudoanm.github.io/free/tourney,View Releases,https://github.com/hieudoanm/hieudoanm.github.io/releases/tag/app-hybrid-sports-tourney-latest,https://github.com/hieudoanm/hieudoanm.github.io/releases/download/app-hybrid-sports-tourney-latest/app-universal-release.aab,https://github.com/hieudoanm/hieudoanm.github.io/releases/download/app-hybrid-sports-tourney-latest/app-universal-release.apk,https://github.com/hieudoanm/hieudoanm.github.io/releases/download/app-hybrid-sports-tourney-latest/tourney_aarch64.dmg,https://github.com/hieudoanm/hieudoanm.github.io/releases/download/app-hybrid-sports-tourney-latest/tourney_amd64.AppImage,https://github.com/hieudoanm/hieudoanm.github.io/releases/download/app-hybrid-sports-tourney-latest/tourney_amd64.deb,https://github.com/hieudoanm/hieudoanm.github.io/releases/download/app-hybrid-sports-tourney-latest/tourney_x64.msi,https://github.com/hieudoanm/hieudoanm.github.io/releases/download/app-hybrid-sports-tourney-latest/tourney_x64.exe,https://github.com/hieudoanm/hieudoanm.github.io/releases/download/app-hybrid-sports-tourney-latest/tourney_x86_64.rpm
Apps (Hybrid),apps-hybrid,video,Video,Graphics & Design,Photo & Video,PiVideoCamera,0.0.1,2025-01-01,,https://hieudoanm.github.io/free/video,View Releases,https://github.com/hieudoanm/hieudoanm.github.io/releases/tag/app-hybrid-graphics-design-video-latest,https://github.com/hieudoanm/hieudoanm.github.io/releases/download/app-hybrid-graphics-design-video-latest/app-universal-release.aab,https://github.com/hieudoanm/hieudoanm.github.io/releases/download/app-hybrid-graphics-design-video-latest/app-universal-release.apk,https://github.com/hieudoanm/hieudoanm.github.io/releases/download/app-hybrid-graphics-design-video-latest/video_aarch64.dmg,https://github.com/hieudoanm/hieudoanm.github.io/releases/download/app-hybrid-graphics-design-video-latest/video_amd64.AppImage,https://github.com/hieudoanm/hieudoanm.github.io/releases/download/app-hybrid-graphics-design-video-latest/video_amd64.deb,https://github.com/hieudoanm/hieudoanm.github.io/releases/download/app-hybrid-graphics-design-video-latest/video_x64.msi,https://github.com/hieudoanm/hieudoanm.github.io/releases/download/app-hybrid-graphics-design-video-latest/video_x64.exe,https://github.com/hieudoanm/hieudoanm.github.io/releases/download/app-hybrid-graphics-design-video-latest/video_x86_64.rpm
Apps (Hybrid),apps-hybrid,wallet,Wallet,Finance,Business,PiWallet,0.0.1,2025-01-01,,https://hieudoanm.github.io/free/wallet,View Releases,https://github.com/hieudoanm/hieudoanm.github.io/releases/tag/app-hybrid-finance-wallet-latest,https://github.com/hieudoanm/hieudoanm.github.io/releases/download/app-hybrid-finance-wallet-latest/app-universal-release.aab,https://github.com/hieudoanm/hieudoanm.github.io/releases/download/app-hybrid-finance-wallet-latest/app-universal-release.apk,https://github.com/hieudoanm/hieudoanm.github.io/releases/download/app-hybrid-finance-wallet-latest/wallet_aarch64.dmg,https://github.com/hieudoanm/hieudoanm.github.io/releases/download/app-hybrid-finance-wallet-latest/wallet_amd64.AppImage,https://github.com/hieudoanm/hieudoanm.github.io/releases/download/app-hybrid-finance-wallet-latest/wallet_amd64.deb,https://github.com/hieudoanm/hieudoanm.github.io/releases/download/app-hybrid-finance-wallet-latest/wallet_x64.msi,https://github.com/hieudoanm/hieudoanm.github.io/releases/download/app-hybrid-finance-wallet-latest/wallet_x64.exe,https://github.com/hieudoanm/hieudoanm.github.io/releases/download/app-hybrid-finance-wallet-latest/wallet_x86_64.rpm
Apps (Android),apps-native-android,block,Block,Utilities,,PiProhibit,0.0.1,2025-01-01,,https://github.com/hieudoanm/hieudoanm.github.io/releases/download/app-native-block-latest/app-universal-release.apk,View Releases,https://github.com/hieudoanm/hieudoanm.github.io/releases/download/app-native-block-latest/app-universal-release.apk,,https://github.com/hieudoanm/hieudoanm.github.io/releases/download/app-native-block-latest/app-universal-release.apk,,,,,,
Apps (Android),apps-native-android,nfc,NFC Toolkit,Utilities,,PiCardholder,0.0.1,2025-01-01,,https://github.com/hieudoanm/hieudoanm.github.io/releases/download/app-native-nfc-latest/app-universal-release.apk,View Releases,https://github.com/hieudoanm/hieudoanm.github.io/releases/download/app-native-nfc-latest/app-universal-release.apk,,https://github.com/hieudoanm/hieudoanm.github.io/releases/download/app-native-nfc-latest/app-universal-release.apk,,,,,,
Apps (macOS),apps-native-macos,clipper,Clipper,Utilities,,PiClipboard,0.0.1,2025-01-01,,https://github.com/hieudoanm/hieudoanm.github.io/releases/download/app-native-clipper-latest/Clipper-0.0.1.dmg,View Releases,https://github.com/hieudoanm/hieudoanm.github.io/releases/download/app-native-clipper-latest/Clipper-0.0.1.dmg,,,https://github.com/hieudoanm/hieudoanm.github.io/releases/download/app-native-clipper-latest/Clipper-0.0.1.dmg,,,,,
Apps (macOS),apps-native-macos,mixer,Mixer,Utilities,,PiWaveSine,0.0.1,2025-01-01,,https://github.com/hieudoanm/hieudoanm.github.io/releases/download/app-native-mixer-latest/Mixer-0.0.1.dmg,View Releases,https://github.com/hieudoanm/hieudoanm.github.io/releases/download/app-native-mixer-latest/Mixer-0.0.1.dmg,,,https://github.com/hieudoanm/hieudoanm.github.io/releases/download/app-native-mixer-latest/Mixer-0.0.1.dmg,,,,,
Apps (macOS),apps-native-macos,gauge,Gauge,Utilities,,PiGauge,0.0.1,2026-08-29,,https://github.com/hieudoanm/hieudoanm.github.io/releases/download/app-native-gauge-latest/Gauge-0.0.1.dmg,View Releases,https://github.com/hieudoanm/hieudoanm.github.io/releases/download/app-native-gauge-latest/Gauge-0.0.1.dmg,,,https://github.com/hieudoanm/hieudoanm.github.io/releases/download/app-native-gauge-latest/Gauge-0.0.1.dmg,,,,,
Apps (macOS),apps-native-macos,ports,Ports,Utilities,,PiPlugs,0.0.1,2026-08-29,,https://github.com/hieudoanm/hieudoanm.github.io/releases/download/app-native-ports-latest/Ports-0.0.1.dmg,View Releases,https://github.com/hieudoanm/hieudoanm.github.io/releases/download/app-native-ports-latest/Ports-0.0.1.dmg,,,https://github.com/hieudoanm/hieudoanm.github.io/releases/download/app-native-ports-latest/Ports-0.0.1.dmg,,,,,
Apps (macOS),apps-native-macos,snap,Snap,Utilities,,PiGridFour,0.0.1,2025-01-01,,https://github.com/hieudoanm/hieudoanm.github.io/releases/download/app-native-snap-latest/Snap-0.0.1.dmg,View Releases,https://github.com/hieudoanm/hieudoanm.github.io/releases/download/app-native-snap-latest/Snap-0.0.1.dmg,,,https://github.com/hieudoanm/hieudoanm.github.io/releases/download/app-native-snap-latest/Snap-0.0.1.dmg,,,,,
Apps (macOS),apps-native-macos,top,Top,Utilities,,PiTimer,0.0.1,2025-01-01,,https://github.com/hieudoanm/hieudoanm.github.io/releases/download/app-native-top-latest/Top-0.0.1.dmg,View Releases,https://github.com/hieudoanm/hieudoanm.github.io/releases/download/app-native-top-latest/Top-0.0.1.dmg,,,https://github.com/hieudoanm/hieudoanm.github.io/releases/download/app-native-top-latest/Top-0.0.1.dmg,,,,,
CLIs,clis,browserverless,Browserverless,Developer Tools,,PiBrowser,0.0.1,2026-08-29,,https://github.com/hieudoanm/hieudoanm.github.io/releases/download/app-native-rust-browserverless-latest/app-native-rust-browserverless-browserverless,View Releases,https://github.com/hieudoanm/hieudoanm.github.io/releases/download/app-native-rust-browserverless-latest/app-native-rust-browserverless-browserverless,,,,,,,,,
