tournament,year,champion,runner_up
World Cup,1930,Uruguay,Argentina
World Cup,1934,Italy,Czechoslovakia
World Cup,1938,Italy,Hungary
World Cup,1942,No competition (World War II),—
World Cup,1946,No competition (World War II),—
World Cup,1950,Uruguay,Brazil
World Cup,1954,West Germany,Hungary
World Cup,1958,Brazil,Sweden
World Cup,1962,Brazil,Czechoslovakia
World Cup,1966,England,West Germany
World Cup,1970,Brazil,Italy
World Cup,1974,West Germany,Netherlands
World Cup,1978,Argentina,Netherlands
World Cup,1982,Italy,West Germany
World Cup,1986,Argentina,West Germany
World Cup,1990,West Germany,Argentina
World Cup,1994,Brazil,Italy
World Cup,1998,France,Brazil
World Cup,2002,Brazil,Germany
World Cup,2006,Italy,France
World Cup,2010,Spain,Netherlands
World Cup,2014,Germany,Argentina
World Cup,2018,France,Croatia
World Cup,2022,Argentina,France
Euro,1960,Soviet Union,Yugoslavia
Euro,1964,Spain,Soviet Union
Euro,1968,Italy,Yugoslavia
Euro,1972,West Germany,Soviet Union
Euro,1976,Czechoslovakia,West Germany
Euro,1980,West Germany,Belgium
Euro,1984,France,Spain
Euro,1988,Netherlands,Soviet Union
Euro,1992,Denmark,Germany
Euro,1996,Germany,Czech Republic
Euro,2000,France,Italy
Euro,2004,Greece,Portugal
Euro,2008,Spain,Germany
Euro,2012,Spain,Italy
Euro,2016,Portugal,France
Euro,2020,Italy,England
Euro,2024,Spain,England
Copa America,1916,Uruguay,Argentina
Copa America,1917,Uruguay,Argentina
Copa America,1919,Brazil,Uruguay
Copa America,1920,Uruguay,Argentina
Copa America,1921,Argentina,Brazil
Copa America,1922,Brazil,Paraguay
Copa America,1923,Uruguay,Argentina
Copa America,1924,Uruguay,Argentina
Copa America,1925,Argentina,Brazil
Copa America,1926,Uruguay,Argentina
Copa America,1927,Argentina,Uruguay
Copa America,1929,Argentina,Paraguay
Copa America,1935,Uruguay,Argentina
Copa America,1937,Argentina,Brazil
Copa America,1939,Peru,Uruguay
Copa America,1941,Argentina,Uruguay
Copa America,1942,Uruguay,Argentina
Copa America,1945,Argentina,Brazil
Copa America,1946,Argentina,Brazil
Copa America,1947,Argentina,Paraguay
Copa America,1949,Brazil,Paraguay
Copa America,1953,Paraguay,Brazil
Copa America,1955,Argentina,Chile
Copa America,1956,Uruguay,Chile
Copa America,1957,Argentina,Brazil
Copa America,1959,Argentina,Brazil
Copa America,1959,Uruguay,Argentina
Copa America,1963,Bolivia,Paraguay
Copa America,1967,Uruguay,Argentina
Copa America,1975,Peru,Colombia
Copa America,1979,Paraguay,Chile
Copa America,1983,Uruguay,Brazil
Copa America,1987,Uruguay,Chile
Copa America,1989,Brazil,Uruguay
Copa America,1991,Argentina,Brazil
Copa America,1993,Argentina,Mexico
Copa America,1995,Uruguay,Brazil
Copa America,1997,Brazil,Bolivia
Copa America,1999,Brazil,Uruguay
Copa America,2001,Colombia,Mexico
Copa America,2004,Brazil,Argentina
Copa America,2007,Brazil,Argentina
Copa America,2011,Uruguay,Paraguay
Copa America,2015,Chile,Argentina
Copa America,2016,Chile,Argentina
Copa America,2019,Brazil,Peru
Copa America,2021,Argentina,Brazil
Copa America,2024,Argentina,Colombia
Africa Cup of Nations,1957,Egypt,Ethiopia
Africa Cup of Nations,1959,Egypt,Sudan
Africa Cup of Nations,1962,Ethiopia,Egypt
Africa Cup of Nations,1963,Ghana,Sudan
Africa Cup of Nations,1965,Ghana,Tunisia
Africa Cup of Nations,1968,DR Congo,Ghana
Africa Cup of Nations,1970,Sudan,Ghana
Africa Cup of Nations,1972,Congo,Mali
Africa Cup of Nations,1974,DR Congo,Zambia
Africa Cup of Nations,1976,Morocco,Guinea
Africa Cup of Nations,1978,Ghana,Uganda
Africa Cup of Nations,1980,Nigeria,Algeria
Africa Cup of Nations,1982,Ghana,Libya
Africa Cup of Nations,1984,Cameroon,Nigeria
Africa Cup of Nations,1986,Egypt,Cameroon
Africa Cup of Nations,1988,Cameroon,Nigeria
Africa Cup of Nations,1990,Algeria,Nigeria
Africa Cup of Nations,1992,Ivory Coast,Ghana
Africa Cup of Nations,1994,Nigeria,Zambia
Africa Cup of Nations,1996,South Africa,Tunisia
Africa Cup of Nations,1998,Egypt,South Africa
Africa Cup of Nations,2000,Cameroon,Nigeria
Africa Cup of Nations,2002,Cameroon,Senegal
Africa Cup of Nations,2004,Tunisia,Morocco
Africa Cup of Nations,2006,Egypt,Ivory Coast
Africa Cup of Nations,2008,Egypt,Cameroon
Africa Cup of Nations,2010,Egypt,Ghana
Africa Cup of Nations,2012,Zambia,Ivory Coast
Africa Cup of Nations,2013,Nigeria,Burkina Faso
Africa Cup of Nations,2015,Ivory Coast,Ghana
Africa Cup of Nations,2017,Cameroon,Egypt
Africa Cup of Nations,2019,Algeria,Senegal
Africa Cup of Nations,2021,Senegal,Egypt
Africa Cup of Nations,2023,Ivory Coast,Nigeria
Africa Cup of Nations,2025,Morocco,Senegal
Asian Cup,1956,South Korea,Israel
Asian Cup,1960,South Korea,Israel
Asian Cup,1964,Israel,India
Asian Cup,1968,Iran,Myanmar
Asian Cup,1972,Iran,South Korea
Asian Cup,1976,Iran,Kuwait
Asian Cup,1980,Kuwait,South Korea
Asian Cup,1984,Saudi Arabia,China
Asian Cup,1988,Saudi Arabia,South Korea
Asian Cup,1992,Japan,Saudi Arabia
Asian Cup,1996,Saudi Arabia,United Arab Emirates
Asian Cup,2000,Japan,Saudi Arabia
Asian Cup,2004,Japan,China
Asian Cup,2007,Iraq,Saudi Arabia
Asian Cup,2011,Japan,Australia
Asian Cup,2015,Australia,South Korea
Asian Cup,2019,Qatar,Japan
Asian Cup,2023,Qatar,Jordan
ASEAN Championship,1996,Thailand,Malaysia
ASEAN Championship,1998,Singapore,Vietnam
ASEAN Championship,2000,Thailand,Indonesia
ASEAN Championship,2002,Thailand,Indonesia
ASEAN Championship,2004,Singapore,Indonesia
ASEAN Championship,2007,Singapore,Thailand
ASEAN Championship,2008,Vietnam,Thailand
ASEAN Championship,2010,Malaysia,Indonesia
ASEAN Championship,2012,Singapore,Thailand
ASEAN Championship,2014,Thailand,Malaysia
ASEAN Championship,2016,Thailand,Indonesia
ASEAN Championship,2018,Vietnam,Malaysia
ASEAN Championship,2020,Thailand,Indonesia
ASEAN Championship,2022,Thailand,Vietnam
ASEAN Championship,2024,Vietnam,Thailand
