section,sectionId,label,description,icon,href,actionLabel,actionUrl
CLIs,clis,bash,Aliases,PiTerminal,https://github.com/hieudoanm/hieudoanm.github.io/tree/master/packages/cli/bash,Download bash,https://github.com/hieudoanm/hieudoanm.github.io/tree/master/packages/cli/bash/download/bash/dist
CLIs,clis,jack,Just Another Command-Line Kit,PiCodeSimple,https://github.com/hieudoanm/hieudoanm.github.io/releases/tag/cli-jack-latest,Download bin,https://github.com/hieudoanm/hieudoanm.github.io/releases/tag/cli-jack-latest
Extensions,extensions,@hieudoanm/ext,Hieu Doan,PiProhibit,https://github.com/hieudoanm/hieudoanm.github.io/releases/tag/extensions-browser-latest,Download EXT,https://github.com/hieudoanm/hieudoanm.github.io/releases/tag/extensions-browser-latest
Apps (Desktop),apps-desktop,API,API Client,PiGlobe,https://github.com/hieudoanm/hieudoanm.github.io/releases/tag/app-hybrid-api-latest,Download App,https://github.com/hieudoanm/hieudoanm.github.io/releases/download/app-hybrid-api-latest
Apps (Desktop),apps-desktop,Boilerplate,Design Tools,PiFrameCorners,https://github.com/hieudoanm/hieudoanm.github.io/releases/tag/app-hybrid-boilerplate-latest,Download App,https://github.com/hieudoanm/hieudoanm.github.io/releases/download/app-hybrid-boilerplate-latest
Apps (Desktop),apps-desktop,Brainbow,Brainbow Microscopy Viewer,PiMicroscope,https://github.com/hieudoanm/hieudoanm.github.io/releases/tag/app-hybrid-brainbow-latest,Download App,https://github.com/hieudoanm/hieudoanm.github.io/releases/download/app-hybrid-brainbow-latest
Apps (Desktop),apps-desktop,Chat,AI Chat Interface,PiChat,https://github.com/hieudoanm/hieudoanm.github.io/releases/tag/app-hybrid-chat-latest,Download App,https://github.com/hieudoanm/hieudoanm.github.io/releases/download/app-hybrid-chat-latest
Apps (Desktop),apps-desktop,Code,Code Editor,PiCodeSimple,https://github.com/hieudoanm/hieudoanm.github.io/releases/tag/app-hybrid-code-latest,Download App,https://github.com/hieudoanm/hieudoanm.github.io/releases/download/app-hybrid-code-latest
Apps (Desktop),apps-desktop,Database,Database Client,PiDatabase,https://github.com/hieudoanm/hieudoanm.github.io/releases/tag/app-hybrid-database-latest,Download App,https://github.com/hieudoanm/hieudoanm.github.io/releases/download/app-hybrid-database-latest
Apps (Desktop),apps-desktop,Hieu Doan,Dev Tools,PiGear,https://github.com/hieudoanm/hieudoanm.github.io/releases/tag/app-hybrid-hieudoanm-latest,Download App,https://github.com/hieudoanm/hieudoanm.github.io/releases/tag/app-hybrid-hieudoanm-latest
Apps (Desktop),apps-desktop,Markdown,Markdown Editor,PiMarkdownLogo,https://github.com/hieudoanm/hieudoanm.github.io/releases/tag/app-hybrid-markdown-latest,Download App,https://github.com/hieudoanm/hieudoanm.github.io/releases/download/app-hybrid-markdown-latest
Apps (Desktop),apps-desktop,Password,Password Manager,PiPassword,https://github.com/hieudoanm/hieudoanm.github.io/releases/tag/app-hybrid-password-latest,Download App,https://github.com/hieudoanm/hieudoanm.github.io/releases/download/app-hybrid-password-latest
Apps (Desktop),apps-desktop,PDF,PDF Viewer,PiFilePdf,https://github.com/hieudoanm/hieudoanm.github.io/releases/tag/app-hybrid-pdf-latest,Download App,https://github.com/hieudoanm/hieudoanm.github.io/releases/download/app-hybrid-pdf-latest
Apps (Desktop),apps-desktop,Photo,Photo Editor,PiImage,https://github.com/hieudoanm/hieudoanm.github.io/releases/tag/app-hybrid-photo-latest,Download App,https://github.com/hieudoanm/hieudoanm.github.io/releases/download/app-hybrid-photo-latest
Apps (Desktop),apps-desktop,Projects,Projects Manager,PiFolder,https://github.com/hieudoanm/hieudoanm.github.io/releases/tag/app-hybrid-projects-latest,Download App,https://github.com/hieudoanm/hieudoanm.github.io/releases/download/app-hybrid-projects-latest
Apps (Desktop),apps-desktop,SVG,SVG Editor,PiPath,https://github.com/hieudoanm/hieudoanm.github.io/releases/tag/app-hybrid-svg-latest,Download App,https://github.com/hieudoanm/hieudoanm.github.io/releases/download/app-hybrid-svg-latest
Apps (Desktop),apps-desktop,Tourney,Tournament Bracket,PiTrophy,https://github.com/hieudoanm/hieudoanm.github.io/releases/tag/app-hybrid-tourney-latest,Download App,https://github.com/hieudoanm/hieudoanm.github.io/releases/download/app-hybrid-tourney-latest
Apps (Desktop),apps-desktop,Video,Video Editor,PiVideoCamera,https://github.com/hieudoanm/hieudoanm.github.io/releases/tag/app-hybrid-video-latest,Download App,https://github.com/hieudoanm/hieudoanm.github.io/releases/download/app-hybrid-video-latest
Apps (Desktop),apps-desktop,Wallet,Wallet Manager,PiWallet,https://github.com/hieudoanm/hieudoanm.github.io/releases/tag/app-hybrid-wallet-latest,Download App,https://github.com/hieudoanm/hieudoanm.github.io/releases/download/app-hybrid-wallet-latest
Apps (Mobile),apps-mobile,Block,Apps Blocker,PiProhibit,https://github.com/hieudoanm/hieudoanm.github.io/releases/tag/app-native-block-latest,Download App,https://github.com/hieudoanm/hieudoanm.github.io/releases/download/app-native-block-latest
Apps (Mobile),apps-mobile,NFC,NFC Tools,PiProhibit,https://github.com/hieudoanm/hieudoanm.github.io/releases/tag/app-native-nfc-latest,Download App,https://github.com/hieudoanm/hieudoanm.github.io/releases/download/app-native-nfc-latest
