no,section,sectionId,appId,label,primaryCategory,secondaryCategory,icon,version,lastUpdated,fileSize,href,releasesAction,releasesUrl,aabUrl,apkUrl,dmgUrl,appImageUrl,debUrl,msiUrl,exeUrl,rpmUrl
1,Apps (Hybrid),apps-hybrid,menu,Menu,Business,Food & Drink,PiHamburger,latest,2025-01-01,,https://hieudoanm.github.io/free/menu,View Releases,https://github.com/hieudoanm/hieudoanm.github.io/releases/tag/app-hybrid-business-menu-latest,https://github.com/hieudoanm/hieudoanm.github.io/releases/download/app-hybrid-business-menu-latest/menu.aab,https://github.com/hieudoanm/hieudoanm.github.io/releases/download/app-hybrid-business-menu-latest/menu.apk,https://github.com/hieudoanm/hieudoanm.github.io/releases/download/app-hybrid-business-menu-latest/menu.dmg,https://github.com/hieudoanm/hieudoanm.github.io/releases/download/app-hybrid-business-menu-latest/menu.AppImage,https://github.com/hieudoanm/hieudoanm.github.io/releases/download/app-hybrid-business-menu-latest/menu.deb,https://github.com/hieudoanm/hieudoanm.github.io/releases/download/app-hybrid-business-menu-latest/menu.msi,https://github.com/hieudoanm/hieudoanm.github.io/releases/download/app-hybrid-business-menu-latest/menu.exe,https://github.com/hieudoanm/hieudoanm.github.io/releases/download/app-hybrid-business-menu-latest/menu.rpm
2,Apps (Hybrid),apps-hybrid,pos,POS,Business,Finance,PiShoppingCart,latest,2025-01-01,,https://hieudoanm.github.io/free/pos,View Releases,https://github.com/hieudoanm/hieudoanm.github.io/releases/tag/app-hybrid-business-pos-latest,https://github.com/hieudoanm/hieudoanm.github.io/releases/download/app-hybrid-business-pos-latest/pos.aab,https://github.com/hieudoanm/hieudoanm.github.io/releases/download/app-hybrid-business-pos-latest/pos.apk,https://github.com/hieudoanm/hieudoanm.github.io/releases/download/app-hybrid-business-pos-latest/pos.dmg,https://github.com/hieudoanm/hieudoanm.github.io/releases/download/app-hybrid-business-pos-latest/pos.AppImage,https://github.com/hieudoanm/hieudoanm.github.io/releases/download/app-hybrid-business-pos-latest/pos.deb,https://github.com/hieudoanm/hieudoanm.github.io/releases/download/app-hybrid-business-pos-latest/pos.msi,https://github.com/hieudoanm/hieudoanm.github.io/releases/download/app-hybrid-business-pos-latest/pos.exe,https://github.com/hieudoanm/hieudoanm.github.io/releases/download/app-hybrid-business-pos-latest/pos.rpm
3,Apps (Hybrid),apps-hybrid,api,API,Developer Tools,Productivity,PiGlobe,latest,2025-01-01,,https://hieudoanm.github.io/free/api,View Releases,https://github.com/hieudoanm/hieudoanm.github.io/releases/tag/app-hybrid-developer-tools-api-latest,https://github.com/hieudoanm/hieudoanm.github.io/releases/download/app-hybrid-developer-tools-api-latest/api.aab,https://github.com/hieudoanm/hieudoanm.github.io/releases/download/app-hybrid-developer-tools-api-latest/api.apk,https://github.com/hieudoanm/hieudoanm.github.io/releases/download/app-hybrid-developer-tools-api-latest/api.dmg,https://github.com/hieudoanm/hieudoanm.github.io/releases/download/app-hybrid-developer-tools-api-latest/api.AppImage,https://github.com/hieudoanm/hieudoanm.github.io/releases/download/app-hybrid-developer-tools-api-latest/api.deb,https://github.com/hieudoanm/hieudoanm.github.io/releases/download/app-hybrid-developer-tools-api-latest/api.msi,https://github.com/hieudoanm/hieudoanm.github.io/releases/download/app-hybrid-developer-tools-api-latest/api.exe,https://github.com/hieudoanm/hieudoanm.github.io/releases/download/app-hybrid-developer-tools-api-latest/api.rpm
4,Apps (Hybrid),apps-hybrid,boilerplate,Boilerplate,Developer Tools,Productivity,PiFrameCorners,latest,2025-01-01,,https://hieudoanm.github.io/free/boilerplate,View Releases,https://github.com/hieudoanm/hieudoanm.github.io/releases/tag/app-hybrid-developer-tools-boilerplate-latest,https://github.com/hieudoanm/hieudoanm.github.io/releases/download/app-hybrid-developer-tools-boilerplate-latest/boilerplate.aab,https://github.com/hieudoanm/hieudoanm.github.io/releases/download/app-hybrid-developer-tools-boilerplate-latest/boilerplate.apk,https://github.com/hieudoanm/hieudoanm.github.io/releases/download/app-hybrid-developer-tools-boilerplate-latest/boilerplate.dmg,https://github.com/hieudoanm/hieudoanm.github.io/releases/download/app-hybrid-developer-tools-boilerplate-latest/boilerplate.AppImage,https://github.com/hieudoanm/hieudoanm.github.io/releases/download/app-hybrid-developer-tools-boilerplate-latest/boilerplate.deb,https://github.com/hieudoanm/hieudoanm.github.io/releases/download/app-hybrid-developer-tools-boilerplate-latest/boilerplate.msi,https://github.com/hieudoanm/hieudoanm.github.io/releases/download/app-hybrid-developer-tools-boilerplate-latest/boilerplate.exe,https://github.com/hieudoanm/hieudoanm.github.io/releases/download/app-hybrid-developer-tools-boilerplate-latest/boilerplate.rpm
5,Apps (Hybrid),apps-hybrid,code,Code,Developer Tools,Productivity,PiCodeSimple,latest,2025-01-01,,https://hieudoanm.github.io/free/code,View Releases,https://github.com/hieudoanm/hieudoanm.github.io/releases/tag/app-hybrid-developer-tools-code-latest,https://github.com/hieudoanm/hieudoanm.github.io/releases/download/app-hybrid-developer-tools-code-latest/code.aab,https://github.com/hieudoanm/hieudoanm.github.io/releases/download/app-hybrid-developer-tools-code-latest/code.apk,https://github.com/hieudoanm/hieudoanm.github.io/releases/download/app-hybrid-developer-tools-code-latest/code.dmg,https://github.com/hieudoanm/hieudoanm.github.io/releases/download/app-hybrid-developer-tools-code-latest/code.AppImage,https://github.com/hieudoanm/hieudoanm.github.io/releases/download/app-hybrid-developer-tools-code-latest/code.deb,https://github.com/hieudoanm/hieudoanm.github.io/releases/download/app-hybrid-developer-tools-code-latest/code.msi,https://github.com/hieudoanm/hieudoanm.github.io/releases/download/app-hybrid-developer-tools-code-latest/code.exe,https://github.com/hieudoanm/hieudoanm.github.io/releases/download/app-hybrid-developer-tools-code-latest/code.rpm
6,Apps (Hybrid),apps-hybrid,database,Database,Developer Tools,Business,PiDatabase,latest,2025-01-01,,https://hieudoanm.github.io/free/database,View Releases,https://github.com/hieudoanm/hieudoanm.github.io/releases/tag/app-hybrid-developer-tools-database-latest,https://github.com/hieudoanm/hieudoanm.github.io/releases/download/app-hybrid-developer-tools-database-latest/database.aab,https://github.com/hieudoanm/hieudoanm.github.io/releases/download/app-hybrid-developer-tools-database-latest/database.apk,https://github.com/hieudoanm/hieudoanm.github.io/releases/download/app-hybrid-developer-tools-database-latest/database.dmg,https://github.com/hieudoanm/hieudoanm.github.io/releases/download/app-hybrid-developer-tools-database-latest/database.AppImage,https://github.com/hieudoanm/hieudoanm.github.io/releases/download/app-hybrid-developer-tools-database-latest/database.deb,https://github.com/hieudoanm/hieudoanm.github.io/releases/download/app-hybrid-developer-tools-database-latest/database.msi,https://github.com/hieudoanm/hieudoanm.github.io/releases/download/app-hybrid-developer-tools-database-latest/database.exe,https://github.com/hieudoanm/hieudoanm.github.io/releases/download/app-hybrid-developer-tools-database-latest/database.rpm
7,Apps (Hybrid),apps-hybrid,diagram,Diagram,Developer Tools,Graphics & Design,PiPaintBrush,latest,2025-01-01,,https://hieudoanm.github.io/free/diagram,View Releases,https://github.com/hieudoanm/hieudoanm.github.io/releases/tag/app-hybrid-developer-tools-diagram-latest,https://github.com/hieudoanm/hieudoanm.github.io/releases/download/app-hybrid-developer-tools-diagram-latest/diagram.aab,https://github.com/hieudoanm/hieudoanm.github.io/releases/download/app-hybrid-developer-tools-diagram-latest/diagram.apk,https://github.com/hieudoanm/hieudoanm.github.io/releases/download/app-hybrid-developer-tools-diagram-latest/diagram.dmg,https://github.com/hieudoanm/hieudoanm.github.io/releases/download/app-hybrid-developer-tools-diagram-latest/diagram.AppImage,https://github.com/hieudoanm/hieudoanm.github.io/releases/download/app-hybrid-developer-tools-diagram-latest/diagram.deb,https://github.com/hieudoanm/hieudoanm.github.io/releases/download/app-hybrid-developer-tools-diagram-latest/diagram.msi,https://github.com/hieudoanm/hieudoanm.github.io/releases/download/app-hybrid-developer-tools-diagram-latest/diagram.exe,https://github.com/hieudoanm/hieudoanm.github.io/releases/download/app-hybrid-developer-tools-diagram-latest/diagram.rpm
8,Apps (Hybrid),apps-hybrid,lingo,Lingo,Education,Games,PiGraduationCap,latest,2025-01-01,,https://hieudoanm.github.io/free/lingo,View Releases,https://github.com/hieudoanm/hieudoanm.github.io/releases/tag/app-hybrid-education-lingo-latest,https://github.com/hieudoanm/hieudoanm.github.io/releases/download/app-hybrid-education-lingo-latest/lingo.aab,https://github.com/hieudoanm/hieudoanm.github.io/releases/download/app-hybrid-education-lingo-latest/lingo.apk,https://github.com/hieudoanm/hieudoanm.github.io/releases/download/app-hybrid-education-lingo-latest/lingo.dmg,https://github.com/hieudoanm/hieudoanm.github.io/releases/download/app-hybrid-education-lingo-latest/lingo.AppImage,https://github.com/hieudoanm/hieudoanm.github.io/releases/download/app-hybrid-education-lingo-latest/lingo.deb,https://github.com/hieudoanm/hieudoanm.github.io/releases/download/app-hybrid-education-lingo-latest/lingo.msi,https://github.com/hieudoanm/hieudoanm.github.io/releases/download/app-hybrid-education-lingo-latest/lingo.exe,https://github.com/hieudoanm/hieudoanm.github.io/releases/download/app-hybrid-education-lingo-latest/lingo.rpm
9,Apps (Hybrid),apps-hybrid,doi,DOI,Education,Games,PiNetwork,latest,2026-09-08,,https://hieudoanm.github.io/free/doi,View Releases,https://github.com/hieudoanm/hieudoanm.github.io/releases/tag/app-hybrid-education-doi-latest,https://github.com/hieudoanm/hieudoanm.github.io/releases/download/app-hybrid-education-doi-latest/doi.aab,https://github.com/hieudoanm/hieudoanm.github.io/releases/download/app-hybrid-education-doi-latest/doi.apk,https://github.com/hieudoanm/hieudoanm.github.io/releases/download/app-hybrid-education-doi-latest/doi.dmg,https://github.com/hieudoanm/hieudoanm.github.io/releases/download/app-hybrid-education-doi-latest/doi.AppImage,https://github.com/hieudoanm/hieudoanm.github.io/releases/download/app-hybrid-education-doi-latest/doi.deb,https://github.com/hieudoanm/hieudoanm.github.io/releases/download/app-hybrid-education-doi-latest/doi.msi,https://github.com/hieudoanm/hieudoanm.github.io/releases/download/app-hybrid-education-doi-latest/doi.exe,https://github.com/hieudoanm/hieudoanm.github.io/releases/download/app-hybrid-education-doi-latest/doi.rpm
10,Apps (Hybrid),apps-hybrid,tax,Tax,Finance,Business,PiReceipt,latest,2026-08-27,,https://hieudoanm.github.io/free/tax,View Releases,https://github.com/hieudoanm/hieudoanm.github.io/releases/tag/app-hybrid-finance-tax-latest,https://github.com/hieudoanm/hieudoanm.github.io/releases/download/app-hybrid-finance-tax-latest/tax.aab,https://github.com/hieudoanm/hieudoanm.github.io/releases/download/app-hybrid-finance-tax-latest/tax.apk,https://github.com/hieudoanm/hieudoanm.github.io/releases/download/app-hybrid-finance-tax-latest/tax.dmg,https://github.com/hieudoanm/hieudoanm.github.io/releases/download/app-hybrid-finance-tax-latest/tax.AppImage,https://github.com/hieudoanm/hieudoanm.github.io/releases/download/app-hybrid-finance-tax-latest/tax.deb,https://github.com/hieudoanm/hieudoanm.github.io/releases/download/app-hybrid-finance-tax-latest/tax.msi,https://github.com/hieudoanm/hieudoanm.github.io/releases/download/app-hybrid-finance-tax-latest/tax.exe,https://github.com/hieudoanm/hieudoanm.github.io/releases/download/app-hybrid-finance-tax-latest/tax.rpm
11,Apps (Hybrid),apps-hybrid,wallet,Wallet,Finance,Business,PiWallet,latest,2025-01-01,,https://hieudoanm.github.io/free/wallet,View Releases,https://github.com/hieudoanm/hieudoanm.github.io/releases/tag/app-hybrid-finance-wallet-latest,https://github.com/hieudoanm/hieudoanm.github.io/releases/download/app-hybrid-finance-wallet-latest/wallet.aab,https://github.com/hieudoanm/hieudoanm.github.io/releases/download/app-hybrid-finance-wallet-latest/wallet.apk,https://github.com/hieudoanm/hieudoanm.github.io/releases/download/app-hybrid-finance-wallet-latest/wallet.dmg,https://github.com/hieudoanm/hieudoanm.github.io/releases/download/app-hybrid-finance-wallet-latest/wallet.AppImage,https://github.com/hieudoanm/hieudoanm.github.io/releases/download/app-hybrid-finance-wallet-latest/wallet.deb,https://github.com/hieudoanm/hieudoanm.github.io/releases/download/app-hybrid-finance-wallet-latest/wallet.msi,https://github.com/hieudoanm/hieudoanm.github.io/releases/download/app-hybrid-finance-wallet-latest/wallet.exe,https://github.com/hieudoanm/hieudoanm.github.io/releases/download/app-hybrid-finance-wallet-latest/wallet.rpm
12,Apps (Hybrid),apps-hybrid,foody,Foody,Food & Drink,Health & Fitness,PiHamburger,latest,2025-01-01,,https://hieudoanm.github.io/free/foody,View Releases,https://github.com/hieudoanm/hieudoanm.github.io/releases/tag/app-hybrid-food-drink-foody-latest,https://github.com/hieudoanm/hieudoanm.github.io/releases/download/app-hybrid-food-drink-foody-latest/foody.aab,https://github.com/hieudoanm/hieudoanm.github.io/releases/download/app-hybrid-food-drink-foody-latest/foody.apk,https://github.com/hieudoanm/hieudoanm.github.io/releases/download/app-hybrid-food-drink-foody-latest/foody.dmg,https://github.com/hieudoanm/hieudoanm.github.io/releases/download/app-hybrid-food-drink-foody-latest/foody.AppImage,https://github.com/hieudoanm/hieudoanm.github.io/releases/download/app-hybrid-food-drink-foody-latest/foody.deb,https://github.com/hieudoanm/hieudoanm.github.io/releases/download/app-hybrid-food-drink-foody-latest/foody.msi,https://github.com/hieudoanm/hieudoanm.github.io/releases/download/app-hybrid-food-drink-foody-latest/foody.exe,https://github.com/hieudoanm/hieudoanm.github.io/releases/download/app-hybrid-food-drink-foody-latest/foody.rpm
13,Apps (Hybrid),apps-hybrid,8-bit,8-Bit,Games,Entertainment,PiJoystick,latest,2026-08-26,,https://hieudoanm.github.io/free/8-bit,View Releases,https://github.com/hieudoanm/hieudoanm.github.io/releases/tag/app-hybrid-games-8-bit-latest,https://github.com/hieudoanm/hieudoanm.github.io/releases/download/app-hybrid-games-8-bit-latest/8-bit.aab,https://github.com/hieudoanm/hieudoanm.github.io/releases/download/app-hybrid-games-8-bit-latest/8-bit.apk,https://github.com/hieudoanm/hieudoanm.github.io/releases/download/app-hybrid-games-8-bit-latest/8-bit.dmg,https://github.com/hieudoanm/hieudoanm.github.io/releases/download/app-hybrid-games-8-bit-latest/8-bit.AppImage,https://github.com/hieudoanm/hieudoanm.github.io/releases/download/app-hybrid-games-8-bit-latest/8-bit.deb,https://github.com/hieudoanm/hieudoanm.github.io/releases/download/app-hybrid-games-8-bit-latest/8-bit.msi,https://github.com/hieudoanm/hieudoanm.github.io/releases/download/app-hybrid-games-8-bit-latest/8-bit.exe,https://github.com/hieudoanm/hieudoanm.github.io/releases/download/app-hybrid-games-8-bit-latest/8-bit.rpm
14,Apps (Hybrid),apps-hybrid,casino,Casino,Games,Entertainment,PiDiceOne,latest,2025-01-01,,https://hieudoanm.github.io/free/casino,View Releases,https://github.com/hieudoanm/hieudoanm.github.io/releases/tag/app-hybrid-games-casino-latest,https://github.com/hieudoanm/hieudoanm.github.io/releases/download/app-hybrid-games-casino-latest/casino.aab,https://github.com/hieudoanm/hieudoanm.github.io/releases/download/app-hybrid-games-casino-latest/casino.apk,https://github.com/hieudoanm/hieudoanm.github.io/releases/download/app-hybrid-games-casino-latest/casino.dmg,https://github.com/hieudoanm/hieudoanm.github.io/releases/download/app-hybrid-games-casino-latest/casino.AppImage,https://github.com/hieudoanm/hieudoanm.github.io/releases/download/app-hybrid-games-casino-latest/casino.deb,https://github.com/hieudoanm/hieudoanm.github.io/releases/download/app-hybrid-games-casino-latest/casino.msi,https://github.com/hieudoanm/hieudoanm.github.io/releases/download/app-hybrid-games-casino-latest/casino.exe,https://github.com/hieudoanm/hieudoanm.github.io/releases/download/app-hybrid-games-casino-latest/casino.rpm
15,Apps (Hybrid),apps-hybrid,countries,Countries,Games,Entertainment,PiGlobeHemisphereWest,latest,2025-01-01,,https://hieudoanm.github.io/free/countries,View Releases,https://github.com/hieudoanm/hieudoanm.github.io/releases/tag/app-hybrid-games-countries-latest,https://github.com/hieudoanm/hieudoanm.github.io/releases/download/app-hybrid-games-countries-latest/countries.aab,https://github.com/hieudoanm/hieudoanm.github.io/releases/download/app-hybrid-games-countries-latest/countries.apk,https://github.com/hieudoanm/hieudoanm.github.io/releases/download/app-hybrid-games-countries-latest/countries.dmg,https://github.com/hieudoanm/hieudoanm.github.io/releases/download/app-hybrid-games-countries-latest/countries.AppImage,https://github.com/hieudoanm/hieudoanm.github.io/releases/download/app-hybrid-games-countries-latest/countries.deb,https://github.com/hieudoanm/hieudoanm.github.io/releases/download/app-hybrid-games-countries-latest/countries.msi,https://github.com/hieudoanm/hieudoanm.github.io/releases/download/app-hybrid-games-countries-latest/countries.exe,https://github.com/hieudoanm/hieudoanm.github.io/releases/download/app-hybrid-games-countries-latest/countries.rpm
16,Apps (Hybrid),apps-hybrid,memory,Memory,Games,Entertainment,PiMemory,latest,2025-01-01,,https://hieudoanm.github.io/free/memory,View Releases,https://github.com/hieudoanm/hieudoanm.github.io/releases/tag/app-hybrid-games-memory-latest,https://github.com/hieudoanm/hieudoanm.github.io/releases/download/app-hybrid-games-memory-latest/memory.aab,https://github.com/hieudoanm/hieudoanm.github.io/releases/download/app-hybrid-games-memory-latest/memory.apk,https://github.com/hieudoanm/hieudoanm.github.io/releases/download/app-hybrid-games-memory-latest/memory.dmg,https://github.com/hieudoanm/hieudoanm.github.io/releases/download/app-hybrid-games-memory-latest/memory.AppImage,https://github.com/hieudoanm/hieudoanm.github.io/releases/download/app-hybrid-games-memory-latest/memory.deb,https://github.com/hieudoanm/hieudoanm.github.io/releases/download/app-hybrid-games-memory-latest/memory.msi,https://github.com/hieudoanm/hieudoanm.github.io/releases/download/app-hybrid-games-memory-latest/memory.exe,https://github.com/hieudoanm/hieudoanm.github.io/releases/download/app-hybrid-games-memory-latest/memory.rpm
17,Apps (Hybrid),apps-hybrid,nikoli,Nikoli,Games,Entertainment,PiGridNine,latest,2025-01-01,,https://hieudoanm.github.io/free/nikoli,View Releases,https://github.com/hieudoanm/hieudoanm.github.io/releases/tag/app-hybrid-entertainment-nikoli-latest,https://github.com/hieudoanm/hieudoanm.github.io/releases/download/app-hybrid-entertainment-nikoli-latest/nikoli.aab,https://github.com/hieudoanm/hieudoanm.github.io/releases/download/app-hybrid-entertainment-nikoli-latest/nikoli.apk,https://github.com/hieudoanm/hieudoanm.github.io/releases/download/app-hybrid-entertainment-nikoli-latest/nikoli.dmg,https://github.com/hieudoanm/hieudoanm.github.io/releases/download/app-hybrid-entertainment-nikoli-latest/nikoli.AppImage,https://github.com/hieudoanm/hieudoanm.github.io/releases/download/app-hybrid-entertainment-nikoli-latest/nikoli.deb,https://github.com/hieudoanm/hieudoanm.github.io/releases/download/app-hybrid-entertainment-nikoli-latest/nikoli.msi,https://github.com/hieudoanm/hieudoanm.github.io/releases/download/app-hybrid-entertainment-nikoli-latest/nikoli.exe,https://github.com/hieudoanm/hieudoanm.github.io/releases/download/app-hybrid-entertainment-nikoli-latest/nikoli.rpm
18,Apps (Hybrid),apps-hybrid,tic-tac-toe,Tic-Tac-Toe,Games,Entertainment,PiX,latest,2025-01-01,,https://hieudoanm.github.io/free/tic-tac-toe,View Releases,https://github.com/hieudoanm/hieudoanm.github.io/releases/tag/app-hybrid-games-tic-tac-toe-latest,https://github.com/hieudoanm/hieudoanm.github.io/releases/download/app-hybrid-games-tic-tac-toe-latest/tic-tac-toe.aab,https://github.com/hieudoanm/hieudoanm.github.io/releases/download/app-hybrid-games-tic-tac-toe-latest/tic-tac-toe.apk,https://github.com/hieudoanm/hieudoanm.github.io/releases/download/app-hybrid-games-tic-tac-toe-latest/tic-tac-toe.dmg,https://github.com/hieudoanm/hieudoanm.github.io/releases/download/app-hybrid-games-tic-tac-toe-latest/tic-tac-toe.AppImage,https://github.com/hieudoanm/hieudoanm.github.io/releases/download/app-hybrid-games-tic-tac-toe-latest/tic-tac-toe.deb,https://github.com/hieudoanm/hieudoanm.github.io/releases/download/app-hybrid-games-tic-tac-toe-latest/tic-tac-toe.msi,https://github.com/hieudoanm/hieudoanm.github.io/releases/download/app-hybrid-games-tic-tac-toe-latest/tic-tac-toe.exe,https://github.com/hieudoanm/hieudoanm.github.io/releases/download/app-hybrid-games-tic-tac-toe-latest/tic-tac-toe.rpm
19,Apps (Hybrid),apps-hybrid,colors,Colors,Graphics & Design,Photo & Video,PiPaintBucket,latest,2026-09-04,,https://hieudoanm.github.io/free/colors,View Releases,https://github.com/hieudoanm/hieudoanm.github.io/releases/tag/app-hybrid-graphics-design-colors-latest,https://github.com/hieudoanm/hieudoanm.github.io/releases/download/app-hybrid-graphics-design-colors-latest/colors.aab,https://github.com/hieudoanm/hieudoanm.github.io/releases/download/app-hybrid-graphics-design-colors-latest/colors.apk,https://github.com/hieudoanm/hieudoanm.github.io/releases/download/app-hybrid-graphics-design-colors-latest/colors.dmg,https://github.com/hieudoanm/hieudoanm.github.io/releases/download/app-hybrid-graphics-design-colors-latest/colors.AppImage,https://github.com/hieudoanm/hieudoanm.github.io/releases/download/app-hybrid-graphics-design-colors-latest/colors.deb,https://github.com/hieudoanm/hieudoanm.github.io/releases/download/app-hybrid-graphics-design-colors-latest/colors.msi,https://github.com/hieudoanm/hieudoanm.github.io/releases/download/app-hybrid-graphics-design-colors-latest/colors.exe,https://github.com/hieudoanm/hieudoanm.github.io/releases/download/app-hybrid-graphics-design-colors-latest/colors.rpm
20,Apps (Hybrid),apps-hybrid,photo,Photo,Graphics & Design,Photo & Video,PiImage,latest,2025-01-01,,https://hieudoanm.github.io/free/photo,View Releases,https://github.com/hieudoanm/hieudoanm.github.io/releases/tag/app-hybrid-graphics-design-photo-latest,https://github.com/hieudoanm/hieudoanm.github.io/releases/download/app-hybrid-graphics-design-photo-latest/photo.aab,https://github.com/hieudoanm/hieudoanm.github.io/releases/download/app-hybrid-graphics-design-photo-latest/photo.apk,https://github.com/hieudoanm/hieudoanm.github.io/releases/download/app-hybrid-graphics-design-photo-latest/photo.dmg,https://github.com/hieudoanm/hieudoanm.github.io/releases/download/app-hybrid-graphics-design-photo-latest/photo.AppImage,https://github.com/hieudoanm/hieudoanm.github.io/releases/download/app-hybrid-graphics-design-photo-latest/photo.deb,https://github.com/hieudoanm/hieudoanm.github.io/releases/download/app-hybrid-graphics-design-photo-latest/photo.msi,https://github.com/hieudoanm/hieudoanm.github.io/releases/download/app-hybrid-graphics-design-photo-latest/photo.exe,https://github.com/hieudoanm/hieudoanm.github.io/releases/download/app-hybrid-graphics-design-photo-latest/photo.rpm
21,Apps (Hybrid),apps-hybrid,svg,SVG,Graphics & Design,Photo & Video,PiPath,latest,2025-01-01,,https://hieudoanm.github.io/free/svg,View Releases,https://github.com/hieudoanm/hieudoanm.github.io/releases/tag/app-hybrid-graphics-design-svg-latest,https://github.com/hieudoanm/hieudoanm.github.io/releases/download/app-hybrid-graphics-design-svg-latest/svg.aab,https://github.com/hieudoanm/hieudoanm.github.io/releases/download/app-hybrid-graphics-design-svg-latest/svg.apk,https://github.com/hieudoanm/hieudoanm.github.io/releases/download/app-hybrid-graphics-design-svg-latest/svg.dmg,https://github.com/hieudoanm/hieudoanm.github.io/releases/download/app-hybrid-graphics-design-svg-latest/svg.AppImage,https://github.com/hieudoanm/hieudoanm.github.io/releases/download/app-hybrid-graphics-design-svg-latest/svg.deb,https://github.com/hieudoanm/hieudoanm.github.io/releases/download/app-hybrid-graphics-design-svg-latest/svg.msi,https://github.com/hieudoanm/hieudoanm.github.io/releases/download/app-hybrid-graphics-design-svg-latest/svg.exe,https://github.com/hieudoanm/hieudoanm.github.io/releases/download/app-hybrid-graphics-design-svg-latest/svg.rpm
22,Apps (Hybrid),apps-hybrid,video,Video,Graphics & Design,Photo & Video,PiVideoCamera,latest,2025-01-01,,https://hieudoanm.github.io/free/video,View Releases,https://github.com/hieudoanm/hieudoanm.github.io/releases/tag/app-hybrid-graphics-design-video-latest,https://github.com/hieudoanm/hieudoanm.github.io/releases/download/app-hybrid-graphics-design-video-latest/video.aab,https://github.com/hieudoanm/hieudoanm.github.io/releases/download/app-hybrid-graphics-design-video-latest/video.apk,https://github.com/hieudoanm/hieudoanm.github.io/releases/download/app-hybrid-graphics-design-video-latest/video.dmg,https://github.com/hieudoanm/hieudoanm.github.io/releases/download/app-hybrid-graphics-design-video-latest/video.AppImage,https://github.com/hieudoanm/hieudoanm.github.io/releases/download/app-hybrid-graphics-design-video-latest/video.deb,https://github.com/hieudoanm/hieudoanm.github.io/releases/download/app-hybrid-graphics-design-video-latest/video.msi,https://github.com/hieudoanm/hieudoanm.github.io/releases/download/app-hybrid-graphics-design-video-latest/video.exe,https://github.com/hieudoanm/hieudoanm.github.io/releases/download/app-hybrid-graphics-design-video-latest/video.rpm
23,Apps (Hybrid),apps-hybrid,brainbow,Brainbow,Medical,Health & Fitness,PiMicroscope,latest,2025-01-01,,https://hieudoanm.github.io/free/brainbow,View Releases,https://github.com/hieudoanm/hieudoanm.github.io/releases/tag/app-hybrid-medical-brainbow-latest,https://github.com/hieudoanm/hieudoanm.github.io/releases/download/app-hybrid-medical-brainbow-latest/brainbow.aab,https://github.com/hieudoanm/hieudoanm.github.io/releases/download/app-hybrid-medical-brainbow-latest/brainbow.apk,https://github.com/hieudoanm/hieudoanm.github.io/releases/download/app-hybrid-medical-brainbow-latest/brainbow.dmg,https://github.com/hieudoanm/hieudoanm.github.io/releases/download/app-hybrid-medical-brainbow-latest/brainbow.AppImage,https://github.com/hieudoanm/hieudoanm.github.io/releases/download/app-hybrid-medical-brainbow-latest/brainbow.deb,https://github.com/hieudoanm/hieudoanm.github.io/releases/download/app-hybrid-medical-brainbow-latest/brainbow.msi,https://github.com/hieudoanm/hieudoanm.github.io/releases/download/app-hybrid-medical-brainbow-latest/brainbow.exe,https://github.com/hieudoanm/hieudoanm.github.io/releases/download/app-hybrid-medical-brainbow-latest/brainbow.rpm
24,Apps (Hybrid),apps-hybrid,eyes,Eyes,Medical,Health & Fitness,PiEye,latest,2025-01-01,,https://hieudoanm.github.io/free/eyes,View Releases,https://github.com/hieudoanm/hieudoanm.github.io/releases/tag/app-hybrid-medical-eyes-latest,https://github.com/hieudoanm/hieudoanm.github.io/releases/download/app-hybrid-medical-eyes-latest/eyes.aab,https://github.com/hieudoanm/hieudoanm.github.io/releases/download/app-hybrid-medical-eyes-latest/eyes.apk,https://github.com/hieudoanm/hieudoanm.github.io/releases/download/app-hybrid-medical-eyes-latest/eyes.dmg,https://github.com/hieudoanm/hieudoanm.github.io/releases/download/app-hybrid-medical-eyes-latest/eyes.AppImage,https://github.com/hieudoanm/hieudoanm.github.io/releases/download/app-hybrid-medical-eyes-latest/eyes.deb,https://github.com/hieudoanm/hieudoanm.github.io/releases/download/app-hybrid-medical-eyes-latest/eyes.msi,https://github.com/hieudoanm/hieudoanm.github.io/releases/download/app-hybrid-medical-eyes-latest/eyes.exe,https://github.com/hieudoanm/hieudoanm.github.io/releases/download/app-hybrid-medical-eyes-latest/eyes.rpm
25,Apps (Hybrid),apps-hybrid,mri,MRI,Medical,Health & Fitness,PiScan,latest,2025-01-01,,https://hieudoanm.github.io/free/mri,View Releases,https://github.com/hieudoanm/hieudoanm.github.io/releases/tag/app-hybrid-medical-mri-latest,https://github.com/hieudoanm/hieudoanm.github.io/releases/download/app-hybrid-medical-mri-latest/mri.aab,https://github.com/hieudoanm/hieudoanm.github.io/releases/download/app-hybrid-medical-mri-latest/mri.apk,https://github.com/hieudoanm/hieudoanm.github.io/releases/download/app-hybrid-medical-mri-latest/mri.dmg,https://github.com/hieudoanm/hieudoanm.github.io/releases/download/app-hybrid-medical-mri-latest/mri.AppImage,https://github.com/hieudoanm/hieudoanm.github.io/releases/download/app-hybrid-medical-mri-latest/mri.deb,https://github.com/hieudoanm/hieudoanm.github.io/releases/download/app-hybrid-medical-mri-latest/mri.msi,https://github.com/hieudoanm/hieudoanm.github.io/releases/download/app-hybrid-medical-mri-latest/mri.exe,https://github.com/hieudoanm/hieudoanm.github.io/releases/download/app-hybrid-medical-mri-latest/mri.rpm
26,Apps (Hybrid),apps-hybrid,psychology,Psychology,Medical,Health & Fitness,PiBrain,latest,2025-01-01,,https://hieudoanm.github.io/free/psychology,View Releases,https://github.com/hieudoanm/hieudoanm.github.io/releases/tag/app-hybrid-medical-psychology-latest,https://github.com/hieudoanm/hieudoanm.github.io/releases/download/app-hybrid-medical-psychology-latest/psychology.aab,https://github.com/hieudoanm/hieudoanm.github.io/releases/download/app-hybrid-medical-psychology-latest/psychology.apk,https://github.com/hieudoanm/hieudoanm.github.io/releases/download/app-hybrid-medical-psychology-latest/psychology.dmg,https://github.com/hieudoanm/hieudoanm.github.io/releases/download/app-hybrid-medical-psychology-latest/psychology.AppImage,https://github.com/hieudoanm/hieudoanm.github.io/releases/download/app-hybrid-medical-psychology-latest/psychology.deb,https://github.com/hieudoanm/hieudoanm.github.io/releases/download/app-hybrid-medical-psychology-latest/psychology.msi,https://github.com/hieudoanm/hieudoanm.github.io/releases/download/app-hybrid-medical-psychology-latest/psychology.exe,https://github.com/hieudoanm/hieudoanm.github.io/releases/download/app-hybrid-medical-psychology-latest/psychology.rpm
27,Apps (Hybrid),apps-hybrid,calendar,Calendar,Productivity,Business,PiCalendarBlank,latest,2026-08-26,,https://hieudoanm.github.io/free/calendar,View Releases,https://github.com/hieudoanm/hieudoanm.github.io/releases/tag/app-hybrid-productivity-calendar-latest,https://github.com/hieudoanm/hieudoanm.github.io/releases/download/app-hybrid-productivity-calendar-latest/calendar.aab,https://github.com/hieudoanm/hieudoanm.github.io/releases/download/app-hybrid-productivity-calendar-latest/calendar.apk,https://github.com/hieudoanm/hieudoanm.github.io/releases/download/app-hybrid-productivity-calendar-latest/calendar.dmg,https://github.com/hieudoanm/hieudoanm.github.io/releases/download/app-hybrid-productivity-calendar-latest/calendar.AppImage,https://github.com/hieudoanm/hieudoanm.github.io/releases/download/app-hybrid-productivity-calendar-latest/calendar.deb,https://github.com/hieudoanm/hieudoanm.github.io/releases/download/app-hybrid-productivity-calendar-latest/calendar.msi,https://github.com/hieudoanm/hieudoanm.github.io/releases/download/app-hybrid-productivity-calendar-latest/calendar.exe,https://github.com/hieudoanm/hieudoanm.github.io/releases/download/app-hybrid-productivity-calendar-latest/calendar.rpm
28,Apps (Hybrid),apps-hybrid,csv,CSV,Productivity,Business,PiTable,latest,2025-01-01,,https://hieudoanm.github.io/free/csv,View Releases,https://github.com/hieudoanm/hieudoanm.github.io/releases/tag/app-hybrid-productivity-csv-latest,https://github.com/hieudoanm/hieudoanm.github.io/releases/download/app-hybrid-productivity-csv-latest/csv.aab,https://github.com/hieudoanm/hieudoanm.github.io/releases/download/app-hybrid-productivity-csv-latest/csv.apk,https://github.com/hieudoanm/hieudoanm.github.io/releases/download/app-hybrid-productivity-csv-latest/csv.dmg,https://github.com/hieudoanm/hieudoanm.github.io/releases/download/app-hybrid-productivity-csv-latest/csv.AppImage,https://github.com/hieudoanm/hieudoanm.github.io/releases/download/app-hybrid-productivity-csv-latest/csv.deb,https://github.com/hieudoanm/hieudoanm.github.io/releases/download/app-hybrid-productivity-csv-latest/csv.msi,https://github.com/hieudoanm/hieudoanm.github.io/releases/download/app-hybrid-productivity-csv-latest/csv.exe,https://github.com/hieudoanm/hieudoanm.github.io/releases/download/app-hybrid-productivity-csv-latest/csv.rpm
29,Apps (Hybrid),apps-hybrid,keynotes,Keynotes,Productivity,Education,PiPresentation,latest,2025-01-01,,https://hieudoanm.github.io/free/keynotes,View Releases,https://github.com/hieudoanm/hieudoanm.github.io/releases/tag/app-hybrid-productivity-keynotes-latest,https://github.com/hieudoanm/hieudoanm.github.io/releases/download/app-hybrid-productivity-keynotes-latest/keynotes.aab,https://github.com/hieudoanm/hieudoanm.github.io/releases/download/app-hybrid-productivity-keynotes-latest/keynotes.apk,https://github.com/hieudoanm/hieudoanm.github.io/releases/download/app-hybrid-productivity-keynotes-latest/keynotes.dmg,https://github.com/hieudoanm/hieudoanm.github.io/releases/download/app-hybrid-productivity-keynotes-latest/keynotes.AppImage,https://github.com/hieudoanm/hieudoanm.github.io/releases/download/app-hybrid-productivity-keynotes-latest/keynotes.deb,https://github.com/hieudoanm/hieudoanm.github.io/releases/download/app-hybrid-productivity-keynotes-latest/keynotes.msi,https://github.com/hieudoanm/hieudoanm.github.io/releases/download/app-hybrid-productivity-keynotes-latest/keynotes.exe,https://github.com/hieudoanm/hieudoanm.github.io/releases/download/app-hybrid-productivity-keynotes-latest/keynotes.rpm
30,Apps (Hybrid),apps-hybrid,markdown,Markdown,Productivity,Education,PiMarkdownLogo,latest,2025-01-01,,https://hieudoanm.github.io/free/markdown,View Releases,https://github.com/hieudoanm/hieudoanm.github.io/releases/tag/app-hybrid-productivity-markdown-latest,https://github.com/hieudoanm/hieudoanm.github.io/releases/download/app-hybrid-productivity-markdown-latest/markdown.aab,https://github.com/hieudoanm/hieudoanm.github.io/releases/download/app-hybrid-productivity-markdown-latest/markdown.apk,https://github.com/hieudoanm/hieudoanm.github.io/releases/download/app-hybrid-productivity-markdown-latest/markdown.dmg,https://github.com/hieudoanm/hieudoanm.github.io/releases/download/app-hybrid-productivity-markdown-latest/markdown.AppImage,https://github.com/hieudoanm/hieudoanm.github.io/releases/download/app-hybrid-productivity-markdown-latest/markdown.deb,https://github.com/hieudoanm/hieudoanm.github.io/releases/download/app-hybrid-productivity-markdown-latest/markdown.msi,https://github.com/hieudoanm/hieudoanm.github.io/releases/download/app-hybrid-productivity-markdown-latest/markdown.exe,https://github.com/hieudoanm/hieudoanm.github.io/releases/download/app-hybrid-productivity-markdown-latest/markdown.rpm
31,Apps (Hybrid),apps-hybrid,pdf,PDF,Productivity,Business,PiFilePdf,latest,2025-01-01,,https://hieudoanm.github.io/free/pdf,View Releases,https://github.com/hieudoanm/hieudoanm.github.io/releases/tag/app-hybrid-productivity-pdf-latest,https://github.com/hieudoanm/hieudoanm.github.io/releases/download/app-hybrid-productivity-pdf-latest/pdf.aab,https://github.com/hieudoanm/hieudoanm.github.io/releases/download/app-hybrid-productivity-pdf-latest/pdf.apk,https://github.com/hieudoanm/hieudoanm.github.io/releases/download/app-hybrid-productivity-pdf-latest/pdf.dmg,https://github.com/hieudoanm/hieudoanm.github.io/releases/download/app-hybrid-productivity-pdf-latest/pdf.AppImage,https://github.com/hieudoanm/hieudoanm.github.io/releases/download/app-hybrid-productivity-pdf-latest/pdf.deb,https://github.com/hieudoanm/hieudoanm.github.io/releases/download/app-hybrid-productivity-pdf-latest/pdf.msi,https://github.com/hieudoanm/hieudoanm.github.io/releases/download/app-hybrid-productivity-pdf-latest/pdf.exe,https://github.com/hieudoanm/hieudoanm.github.io/releases/download/app-hybrid-productivity-pdf-latest/pdf.rpm
32,Apps (Hybrid),apps-hybrid,projects,Projects,Productivity,Business,PiFolder,latest,2025-01-01,,https://hieudoanm.github.io/free/projects,View Releases,https://github.com/hieudoanm/hieudoanm.github.io/releases/tag/app-hybrid-productivity-projects-latest,https://github.com/hieudoanm/hieudoanm.github.io/releases/download/app-hybrid-productivity-projects-latest/projects.aab,https://github.com/hieudoanm/hieudoanm.github.io/releases/download/app-hybrid-productivity-projects-latest/projects.apk,https://github.com/hieudoanm/hieudoanm.github.io/releases/download/app-hybrid-productivity-projects-latest/projects.dmg,https://github.com/hieudoanm/hieudoanm.github.io/releases/download/app-hybrid-productivity-projects-latest/projects.AppImage,https://github.com/hieudoanm/hieudoanm.github.io/releases/download/app-hybrid-productivity-projects-latest/projects.deb,https://github.com/hieudoanm/hieudoanm.github.io/releases/download/app-hybrid-productivity-projects-latest/projects.msi,https://github.com/hieudoanm/hieudoanm.github.io/releases/download/app-hybrid-productivity-projects-latest/projects.exe,https://github.com/hieudoanm/hieudoanm.github.io/releases/download/app-hybrid-productivity-projects-latest/projects.rpm
33,Apps (Hybrid),apps-hybrid,resume,Resume,Productivity,Business,PiFilePdf,latest,2025-01-01,,https://hieudoanm.github.io/free/resume,View Releases,https://github.com/hieudoanm/hieudoanm.github.io/releases/tag/app-hybrid-productivity-resume-latest,https://github.com/hieudoanm/hieudoanm.github.io/releases/download/app-hybrid-productivity-resume-latest/resume.aab,https://github.com/hieudoanm/hieudoanm.github.io/releases/download/app-hybrid-productivity-resume-latest/resume.apk,https://github.com/hieudoanm/hieudoanm.github.io/releases/download/app-hybrid-productivity-resume-latest/resume.dmg,https://github.com/hieudoanm/hieudoanm.github.io/releases/download/app-hybrid-productivity-resume-latest/resume.AppImage,https://github.com/hieudoanm/hieudoanm.github.io/releases/download/app-hybrid-productivity-resume-latest/resume.deb,https://github.com/hieudoanm/hieudoanm.github.io/releases/download/app-hybrid-productivity-resume-latest/resume.msi,https://github.com/hieudoanm/hieudoanm.github.io/releases/download/app-hybrid-productivity-resume-latest/resume.exe,https://github.com/hieudoanm/hieudoanm.github.io/releases/download/app-hybrid-productivity-resume-latest/resume.rpm
34,Apps (Hybrid),apps-hybrid,store,Store,Shopping,Business,PiShoppingBag,latest,2025-01-01,,https://hieudoanm.github.io/free/store,View Releases,https://github.com/hieudoanm/hieudoanm.github.io/releases/tag/app-hybrid-shopping-store-latest,https://github.com/hieudoanm/hieudoanm.github.io/releases/download/app-hybrid-shopping-store-latest/store.aab,https://github.com/hieudoanm/hieudoanm.github.io/releases/download/app-hybrid-shopping-store-latest/store.apk,https://github.com/hieudoanm/hieudoanm.github.io/releases/download/app-hybrid-shopping-store-latest/store.dmg,https://github.com/hieudoanm/hieudoanm.github.io/releases/download/app-hybrid-shopping-store-latest/store.AppImage,https://github.com/hieudoanm/hieudoanm.github.io/releases/download/app-hybrid-shopping-store-latest/store.deb,https://github.com/hieudoanm/hieudoanm.github.io/releases/download/app-hybrid-shopping-store-latest/store.msi,https://github.com/hieudoanm/hieudoanm.github.io/releases/download/app-hybrid-shopping-store-latest/store.exe,https://github.com/hieudoanm/hieudoanm.github.io/releases/download/app-hybrid-shopping-store-latest/store.rpm
35,Apps (Hybrid),apps-hybrid,chat,Chat,Social Networking,Business,PiChat,latest,2025-01-01,,https://hieudoanm.github.io/free/chat,View Releases,https://github.com/hieudoanm/hieudoanm.github.io/releases/tag/app-hybrid-social-networking-chat-latest,https://github.com/hieudoanm/hieudoanm.github.io/releases/download/app-hybrid-social-networking-chat-latest/chat.aab,https://github.com/hieudoanm/hieudoanm.github.io/releases/download/app-hybrid-social-networking-chat-latest/chat.apk,https://github.com/hieudoanm/hieudoanm.github.io/releases/download/app-hybrid-social-networking-chat-latest/chat.dmg,https://github.com/hieudoanm/hieudoanm.github.io/releases/download/app-hybrid-social-networking-chat-latest/chat.AppImage,https://github.com/hieudoanm/hieudoanm.github.io/releases/download/app-hybrid-social-networking-chat-latest/chat.deb,https://github.com/hieudoanm/hieudoanm.github.io/releases/download/app-hybrid-social-networking-chat-latest/chat.msi,https://github.com/hieudoanm/hieudoanm.github.io/releases/download/app-hybrid-social-networking-chat-latest/chat.exe,https://github.com/hieudoanm/hieudoanm.github.io/releases/download/app-hybrid-social-networking-chat-latest/chat.rpm
36,Apps (Hybrid),apps-hybrid,messaging,Messaging,Social Networking,Business,PiPaperPlaneTilt,latest,2025-01-01,,https://hieudoanm.github.io/free/messaging,View Releases,https://github.com/hieudoanm/hieudoanm.github.io/releases/tag/app-hybrid-social-networking-messaging-latest,https://github.com/hieudoanm/hieudoanm.github.io/releases/download/app-hybrid-social-networking-messaging-latest/messaging.aab,https://github.com/hieudoanm/hieudoanm.github.io/releases/download/app-hybrid-social-networking-messaging-latest/messaging.apk,https://github.com/hieudoanm/hieudoanm.github.io/releases/download/app-hybrid-social-networking-messaging-latest/messaging.dmg,https://github.com/hieudoanm/hieudoanm.github.io/releases/download/app-hybrid-social-networking-messaging-latest/messaging.AppImage,https://github.com/hieudoanm/hieudoanm.github.io/releases/download/app-hybrid-social-networking-messaging-latest/messaging.deb,https://github.com/hieudoanm/hieudoanm.github.io/releases/download/app-hybrid-social-networking-messaging-latest/messaging.msi,https://github.com/hieudoanm/hieudoanm.github.io/releases/download/app-hybrid-social-networking-messaging-latest/messaging.exe,https://github.com/hieudoanm/hieudoanm.github.io/releases/download/app-hybrid-social-networking-messaging-latest/messaging.rpm
37,Apps (Hybrid),apps-hybrid,chess,Chess,Sports,Games,PiGameController,latest,2025-01-01,,https://hieudoanm.github.io/free/chess,View Releases,https://github.com/hieudoanm/hieudoanm.github.io/releases/tag/app-hybrid-sports-chess-latest,https://github.com/hieudoanm/hieudoanm.github.io/releases/download/app-hybrid-sports-chess-latest/chess.aab,https://github.com/hieudoanm/hieudoanm.github.io/releases/download/app-hybrid-sports-chess-latest/chess.apk,https://github.com/hieudoanm/hieudoanm.github.io/releases/download/app-hybrid-sports-chess-latest/chess.dmg,https://github.com/hieudoanm/hieudoanm.github.io/releases/download/app-hybrid-sports-chess-latest/chess.AppImage,https://github.com/hieudoanm/hieudoanm.github.io/releases/download/app-hybrid-sports-chess-latest/chess.deb,https://github.com/hieudoanm/hieudoanm.github.io/releases/download/app-hybrid-sports-chess-latest/chess.msi,https://github.com/hieudoanm/hieudoanm.github.io/releases/download/app-hybrid-sports-chess-latest/chess.exe,https://github.com/hieudoanm/hieudoanm.github.io/releases/download/app-hybrid-sports-chess-latest/chess.rpm
38,Apps (Hybrid),apps-hybrid,football,Football,Sports,Games,PiSoccerBall,latest,2025-01-01,,https://hieudoanm.github.io/free/football,View Releases,https://github.com/hieudoanm/hieudoanm.github.io/releases/tag/app-hybrid-sports-football-latest,https://github.com/hieudoanm/hieudoanm.github.io/releases/download/app-hybrid-sports-football-latest/football.aab,https://github.com/hieudoanm/hieudoanm.github.io/releases/download/app-hybrid-sports-football-latest/football.apk,https://github.com/hieudoanm/hieudoanm.github.io/releases/download/app-hybrid-sports-football-latest/football.dmg,https://github.com/hieudoanm/hieudoanm.github.io/releases/download/app-hybrid-sports-football-latest/football.AppImage,https://github.com/hieudoanm/hieudoanm.github.io/releases/download/app-hybrid-sports-football-latest/football.deb,https://github.com/hieudoanm/hieudoanm.github.io/releases/download/app-hybrid-sports-football-latest/football.msi,https://github.com/hieudoanm/hieudoanm.github.io/releases/download/app-hybrid-sports-football-latest/football.exe,https://github.com/hieudoanm/hieudoanm.github.io/releases/download/app-hybrid-sports-football-latest/football.rpm
39,Apps (Hybrid),apps-hybrid,tourney,Tourney,Sports,Games,PiTrophy,latest,2025-01-01,,https://hieudoanm.github.io/free/tourney,View Releases,https://github.com/hieudoanm/hieudoanm.github.io/releases/tag/app-hybrid-sports-tourney-latest,https://github.com/hieudoanm/hieudoanm.github.io/releases/download/app-hybrid-sports-tourney-latest/tourney.aab,https://github.com/hieudoanm/hieudoanm.github.io/releases/download/app-hybrid-sports-tourney-latest/tourney.apk,https://github.com/hieudoanm/hieudoanm.github.io/releases/download/app-hybrid-sports-tourney-latest/tourney.dmg,https://github.com/hieudoanm/hieudoanm.github.io/releases/download/app-hybrid-sports-tourney-latest/tourney.AppImage,https://github.com/hieudoanm/hieudoanm.github.io/releases/download/app-hybrid-sports-tourney-latest/tourney.deb,https://github.com/hieudoanm/hieudoanm.github.io/releases/download/app-hybrid-sports-tourney-latest/tourney.msi,https://github.com/hieudoanm/hieudoanm.github.io/releases/download/app-hybrid-sports-tourney-latest/tourney.exe,https://github.com/hieudoanm/hieudoanm.github.io/releases/download/app-hybrid-sports-tourney-latest/tourney.rpm
40,Apps (Hybrid),apps-hybrid,clock,Clock,Utilities,Productivity,PiClock,latest,2026-08-27,,https://hieudoanm.github.io/free/clock,View Releases,https://github.com/hieudoanm/hieudoanm.github.io/releases/tag/app-hybrid-utilities-clock-latest,https://github.com/hieudoanm/hieudoanm.github.io/releases/download/app-hybrid-utilities-clock-latest/clock.aab,https://github.com/hieudoanm/hieudoanm.github.io/releases/download/app-hybrid-utilities-clock-latest/clock.apk,https://github.com/hieudoanm/hieudoanm.github.io/releases/download/app-hybrid-utilities-clock-latest/clock.dmg,https://github.com/hieudoanm/hieudoanm.github.io/releases/download/app-hybrid-utilities-clock-latest/clock.AppImage,https://github.com/hieudoanm/hieudoanm.github.io/releases/download/app-hybrid-utilities-clock-latest/clock.deb,https://github.com/hieudoanm/hieudoanm.github.io/releases/download/app-hybrid-utilities-clock-latest/clock.msi,https://github.com/hieudoanm/hieudoanm.github.io/releases/download/app-hybrid-utilities-clock-latest/clock.exe,https://github.com/hieudoanm/hieudoanm.github.io/releases/download/app-hybrid-utilities-clock-latest/clock.rpm
41,Apps (Hybrid),apps-hybrid,docs,Docs,Utilities,Productivity,PiGear,latest,2025-01-01,,https://hieudoanm.github.io,View Releases,https://github.com/hieudoanm/hieudoanm.github.io/releases/tag/app-hybrid-utilities-docs-latest,https://github.com/hieudoanm/hieudoanm.github.io/releases/download/app-hybrid-utilities-docs-latest/hieudoanm_next.aab,https://github.com/hieudoanm/hieudoanm.github.io/releases/download/app-hybrid-utilities-docs-latest/hieudoanm_next.apk,https://github.com/hieudoanm/hieudoanm.github.io/releases/download/app-hybrid-utilities-docs-latest/hieudoanm_next.dmg,https://github.com/hieudoanm/hieudoanm.github.io/releases/download/app-hybrid-utilities-docs-latest/hieudoanm_next.AppImage,https://github.com/hieudoanm/hieudoanm.github.io/releases/download/app-hybrid-utilities-docs-latest/hieudoanm_next.deb,https://github.com/hieudoanm/hieudoanm.github.io/releases/download/app-hybrid-utilities-docs-latest/hieudoanm_next.msi,https://github.com/hieudoanm/hieudoanm.github.io/releases/download/app-hybrid-utilities-docs-latest/hieudoanm_next.exe,https://github.com/hieudoanm/hieudoanm.github.io/releases/download/app-hybrid-utilities-docs-latest/hieudoanm_next.rpm
42,Apps (Hybrid),apps-hybrid,password,Password,Utilities,Productivity,PiPassword,latest,2025-01-01,,https://hieudoanm.github.io/free/password,View Releases,https://github.com/hieudoanm/hieudoanm.github.io/releases/tag/app-hybrid-utilities-password-latest,https://github.com/hieudoanm/hieudoanm.github.io/releases/download/app-hybrid-utilities-password-latest/password.aab,https://github.com/hieudoanm/hieudoanm.github.io/releases/download/app-hybrid-utilities-password-latest/password.apk,https://github.com/hieudoanm/hieudoanm.github.io/releases/download/app-hybrid-utilities-password-latest/password.dmg,https://github.com/hieudoanm/hieudoanm.github.io/releases/download/app-hybrid-utilities-password-latest/password.AppImage,https://github.com/hieudoanm/hieudoanm.github.io/releases/download/app-hybrid-utilities-password-latest/password.deb,https://github.com/hieudoanm/hieudoanm.github.io/releases/download/app-hybrid-utilities-password-latest/password.msi,https://github.com/hieudoanm/hieudoanm.github.io/releases/download/app-hybrid-utilities-password-latest/password.exe,https://github.com/hieudoanm/hieudoanm.github.io/releases/download/app-hybrid-utilities-password-latest/password.rpm
